<?xml version = '1.0' encoding = 'UTF-8'?>
<Entity class="oracle.dbtools.crest.model.design.logical.Entity" directorySegmentName="seg_0" id="000DC829-457F-659E-A095-1B526A3A1AB0" name="PARTICIPACIÓN_ACTIVIDAD">
<createdBy>CARLOS</createdBy>
<createdTime>2020-03-24 15:23:08 UTC</createdTime>
<ownerDesignName>E_R</ownerDesignName>
<engineerTo>
<item key="8A35B2A9-2F1C-C763-372B-71B6F1B0EB5F" value="true"/>
</engineerTo>
<adequatelyNormalized>NO</adequatelyNormalized>
<expectedVolumes>0</expectedVolumes>
<fwdEngineeringStrategyName>Single Table</fwdEngineeringStrategyName>
<growthPercent>0</growthPercent>
<growthType>Year</growthType>
<maxVolumes>9999999</maxVolumes>
<minVolumes>0</minVolumes>
<normalForm>Third</normalForm>
<attributes itemClass="oracle.dbtools.crest.model.design.logical.Attribute">
<Attribute name="Fecha" id="F0DBC742-D15D-17C9-5FAD-045D6D5BDD5D">
<createdBy>CARLOS</createdBy>
<createdTime>2020-03-24 15:44:07 UTC</createdTime>
<ownerDesignName>E_R</ownerDesignName>
<engineerTo>
<item key="8A35B2A9-2F1C-C763-372B-71B6F1B0EB5F" value="true"/>
</engineerTo>
<useDomainConstraints>false</useDomainConstraints>
<use>1</use>
<ownDataTypeParameters>,,</ownDataTypeParameters>
</Attribute>
<Attribute name="ID_Participación" id="B3D1F5FD-7ACF-7555-5FEA-69D74FD66C6B">
<createdBy>CARLOS</createdBy>
<createdTime>2020-03-24 15:23:17 UTC</createdTime>
<ownerDesignName>E_R</ownerDesignName>
<engineerTo>
<item key="8A35B2A9-2F1C-C763-372B-71B6F1B0EB5F" value="true"/>
</engineerTo>
<useDomainConstraints>false</useDomainConstraints>
<use>1</use>
<ownDataTypeParameters>,,</ownDataTypeParameters>
</Attribute>
<Attribute name="Nota" id="D4E44466-7030-E039-1FD6-70AF0F641469">
<createdBy>CARLOS</createdBy>
<createdTime>2020-03-24 15:23:26 UTC</createdTime>
<ownerDesignName>E_R</ownerDesignName>
<engineerTo>
<item key="8A35B2A9-2F1C-C763-372B-71B6F1B0EB5F" value="true"/>
</engineerTo>
<useDomainConstraints>false</useDomainConstraints>
<use>1</use>
<ownDataTypeParameters>,,</ownDataTypeParameters>
</Attribute>
<Attribute name="ComentariosNota" id="CE5E547E-D76B-433A-F30A-351B8FF8B757">
<createdBy>CARLOS</createdBy>
<createdTime>2020-03-24 15:23:33 UTC</createdTime>
<ownerDesignName>E_R</ownerDesignName>
<engineerTo>
<item key="8A35B2A9-2F1C-C763-372B-71B6F1B0EB5F" value="true"/>
</engineerTo>
<useDomainConstraints>false</useDomainConstraints>
<use>1</use>
<ownDataTypeParameters>,,</ownDataTypeParameters>
</Attribute>
<Attribute name="Observaciones" id="90208858-4E2F-55CC-51C7-F923749DC007">
<createdBy>CARLOS</createdBy>
<createdTime>2020-03-24 15:23:46 UTC</createdTime>
<ownerDesignName>E_R</ownerDesignName>
<engineerTo>
<item key="8A35B2A9-2F1C-C763-372B-71B6F1B0EB5F" value="true"/>
</engineerTo>
<useDomainConstraints>false</useDomainConstraints>
<use>1</use>
<ownDataTypeParameters>,,</ownDataTypeParameters>
</Attribute>
<Attribute name="Estado" id="3AC56622-8CBD-FD01-CA2D-7B8D8504927D">
<createdBy>CARLOS</createdBy>
<createdTime>2020-03-24 15:24:18 UTC</createdTime>
<ownerDesignName>E_R</ownerDesignName>
<engineerTo>
<item key="8A35B2A9-2F1C-C763-372B-71B6F1B0EB5F" value="true"/>
</engineerTo>
<useDomainConstraints>false</useDomainConstraints>
<use>1</use>
<ownDataTypeParameters>,,</ownDataTypeParameters>
</Attribute>
<Attribute name="ID_Actividad" id="7A8F6A3C-C35E-9011-6611-E4449891113E">
<createdBy>CARLOS</createdBy>
<createdTime>2020-03-24 15:43:09 UTC</createdTime>
<generatorID>91181842-1758-221A-3897-0E189D1882A6</generatorID>
<ownerDesignName>E_R</ownerDesignName>
<engineerTo>
<item key="8A35B2A9-2F1C-C763-372B-71B6F1B0EB5F" value="true"/>
</engineerTo>
<referedAttribute>33D794CE-4797-15A0-3749-14A526A8739A</referedAttribute>
<useDomainConstraints>false</useDomainConstraints>
<use>1</use>
<ownDataTypeParameters>,,</ownDataTypeParameters>
</Attribute>
<Attribute name="HorasDedicadas" id="E2506256-A6F8-668F-51EE-CA5AB2C3625C">
<createdBy>CARLOS</createdBy>
<createdTime>2020-03-24 19:10:37 UTC</createdTime>
<ownerDesignName>E_R</ownerDesignName>
<engineerTo>
<item key="8A35B2A9-2F1C-C763-372B-71B6F1B0EB5F" value="true"/>
</engineerTo>
<useDomainConstraints>false</useDomainConstraints>
<use>1</use>
<ownDataTypeParameters>,,</ownDataTypeParameters>
</Attribute>
<Attribute name="ID_User" id="6B294D3F-6016-7069-E7F1-73A743C24656">
<createdBy>CARLOS</createdBy>
<createdTime>2020-03-24 19:12:20 UTC</createdTime>
<generatorID>F5909477-F6F1-E9B8-0427-B93B76972C14</generatorID>
<ownerDesignName>E_R</ownerDesignName>
<engineerTo>
<item key="8A35B2A9-2F1C-C763-372B-71B6F1B0EB5F" value="true"/>
</engineerTo>
<referedAttribute>F64C2B6D-11D0-41D4-62CD-469EA4CC636F</referedAttribute>
<useDomainConstraints>false</useDomainConstraints>
<use>1</use>
<ownDataTypeParameters>,,</ownDataTypeParameters>
</Attribute>
</attributes>
<identifiers itemClass="oracle.dbtools.crest.model.design.logical.CandidateKey">
<identifier id="F81C9085-83C8-3A74-294E-1A8BDE20AA9D" name="PARTICIPACIÓN_ACTIVIDAD PK">
<createdBy>CARLOS</createdBy>
<createdTime>2020-03-24 15:29:08 UTC</createdTime>
<ownerDesignName>E_R</ownerDesignName>
<engineerTo>
<item key="8A35B2A9-2F1C-C763-372B-71B6F1B0EB5F" value="true"/>
</engineerTo>
<pk>true</pk>
<usedAttributes>
<attributeRef>7A8F6A3C-C35E-9011-6611-E4449891113E</attributeRef>
<attributeRef>6B294D3F-6016-7069-E7F1-73A743C24656</attributeRef>
</usedAttributes>
</identifier>
<identifier id="BBF4861A-0CAA-6619-B3AD-F2929423002A" name="Key_2">
<createdBy>CARLOS</createdBy>
<createdTime>2020-03-24 15:44:20 UTC</createdTime>
<ownerDesignName>E_R</ownerDesignName>
<engineerTo>
<item key="8A35B2A9-2F1C-C763-372B-71B6F1B0EB5F" value="true"/>
</engineerTo>
<newElementsIDs>F0DBC742-D15D-17C9-5FAD-045D6D5BDD5D</newElementsIDs>
<usedAttributes>
<attributeRef>F0DBC742-D15D-17C9-5FAD-045D6D5BDD5D</attributeRef>
</usedAttributes>
</identifier>
</identifiers>
</Entity>