<?xml version = '1.0' encoding = 'UTF-8'?>
<Entity class="oracle.dbtools.crest.model.design.logical.Entity" directorySegmentName="seg_0" id="04559025-5F6C-706A-8016-935BEE7C51C0" name="VALORACIÓN_PRIVADA">
<createdBy>CARLOS</createdBy>
<createdTime>2020-03-25 16:16:03 UTC</createdTime>
<ownerDesignName>E_R</ownerDesignName>
<engineerTo>
<item key="8A35B2A9-2F1C-C763-372B-71B6F1B0EB5F" value="true"/>
</engineerTo>
<adequatelyNormalized>NO</adequatelyNormalized>
<expectedVolumes>0</expectedVolumes>
<fwdEngineeringStrategyName>Single Table</fwdEngineeringStrategyName>
<growthPercent>0</growthPercent>
<growthType>Year</growthType>
<maxVolumes>9999999</maxVolumes>
<minVolumes>0</minVolumes>
<normalForm>Third</normalForm>
<attributes itemClass="oracle.dbtools.crest.model.design.logical.Attribute">
<Attribute name="ID_Valoración" id="1F788DBA-DFAD-04E1-20D4-0D9FC49CE4A3">
<createdBy>CARLOS</createdBy>
<createdTime>2020-03-25 16:16:13 UTC</createdTime>
<ownerDesignName>E_R</ownerDesignName>
<engineerTo>
<item key="8A35B2A9-2F1C-C763-372B-71B6F1B0EB5F" value="true"/>
</engineerTo>
<useDomainConstraints>false</useDomainConstraints>
<use>1</use>
<ownDataTypeParameters>,,</ownDataTypeParameters>
</Attribute>
<Attribute name="Puntuación" id="3C617EAE-479C-C36E-8407-C70B81167B4E">
<createdBy>CARLOS</createdBy>
<createdTime>2020-03-25 16:16:21 UTC</createdTime>
<ownerDesignName>E_R</ownerDesignName>
<engineerTo>
<item key="8A35B2A9-2F1C-C763-372B-71B6F1B0EB5F" value="true"/>
</engineerTo>
<useDomainConstraints>false</useDomainConstraints>
<use>1</use>
<ownDataTypeParameters>,,</ownDataTypeParameters>
</Attribute>
<Attribute name="ComentariosONG" id="0F2C8900-171C-E24D-EF8D-72A1380776F1">
<createdBy>CARLOS</createdBy>
<createdTime>2020-03-25 16:16:31 UTC</createdTime>
<ownerDesignName>E_R</ownerDesignName>
<engineerTo>
<item key="8A35B2A9-2F1C-C763-372B-71B6F1B0EB5F" value="true"/>
</engineerTo>
<useDomainConstraints>false</useDomainConstraints>
<use>1</use>
<ownDataTypeParameters>,,</ownDataTypeParameters>
</Attribute>
<Attribute name="Cod_Proyecto" id="3177F6DF-4B23-D87A-EF46-7E2035A39322">
<createdBy>CARLOS</createdBy>
<createdTime>2020-03-25 16:18:27 UTC</createdTime>
<generatorID>ED6CF6B9-AA2E-211E-A615-D1849F7EBE93</generatorID>
<ownerDesignName>E_R</ownerDesignName>
<engineerTo>
<item key="8A35B2A9-2F1C-C763-372B-71B6F1B0EB5F" value="true"/>
</engineerTo>
<referedAttribute>755B6864-7DAE-B546-0CD9-B86C950D00EA</referedAttribute>
<useDomainConstraints>false</useDomainConstraints>
<use>1</use>
<ownDataTypeParameters>,,</ownDataTypeParameters>
</Attribute>
<Attribute name="ID_User" id="142D06BB-631F-6DBC-CA1C-4F901C5CCAB1">
<createdBy>CARLOS</createdBy>
<createdTime>2020-03-25 16:18:34 UTC</createdTime>
<generatorID>92383A6D-5AD8-740D-85CE-9A192276FA3C</generatorID>
<ownerDesignName>E_R</ownerDesignName>
<engineerTo>
<item key="8A35B2A9-2F1C-C763-372B-71B6F1B0EB5F" value="true"/>
</engineerTo>
<referedAttribute>F64C2B6D-11D0-41D4-62CD-469EA4CC636F</referedAttribute>
<useDomainConstraints>false</useDomainConstraints>
<use>1</use>
<ownDataTypeParameters>,,</ownDataTypeParameters>
</Attribute>
</attributes>
<identifiers itemClass="oracle.dbtools.crest.model.design.logical.CandidateKey">
<identifier id="CB31CB7F-C337-B086-61D3-655D29DFBAA6" name="VALORACIÓN_PRIVADA PK">
<createdBy>CARLOS</createdBy>
<createdTime>2020-03-25 16:16:19 UTC</createdTime>
<ownerDesignName>E_R</ownerDesignName>
<engineerTo>
<item key="8A35B2A9-2F1C-C763-372B-71B6F1B0EB5F" value="true"/>
</engineerTo>
<pk>true</pk>
<usedAttributes>
<attributeRef>1F788DBA-DFAD-04E1-20D4-0D9FC49CE4A3</attributeRef>
<attributeRef>3177F6DF-4B23-D87A-EF46-7E2035A39322</attributeRef>
<attributeRef>142D06BB-631F-6DBC-CA1C-4F901C5CCAB1</attributeRef>
</usedAttributes>
</identifier>
</identifiers>
</Entity>