<?xml version = '1.0' encoding = 'UTF-8'?>
<Entity class="oracle.dbtools.crest.model.design.logical.Entity" directorySegmentName="seg_0" id="551CA76B-0059-9B72-D44B-5CD3326EDB3E" name="ACTIVIDAD">
<createdBy>CARLOS</createdBy>
<createdTime>2020-03-24 15:20:23 UTC</createdTime>
<ownerDesignName>E_R</ownerDesignName>
<engineerTo>
<item key="8A35B2A9-2F1C-C763-372B-71B6F1B0EB5F" value="true"/>
</engineerTo>
<adequatelyNormalized>NO</adequatelyNormalized>
<expectedVolumes>0</expectedVolumes>
<fwdEngineeringStrategyName>Single Table</fwdEngineeringStrategyName>
<growthPercent>0</growthPercent>
<growthType>Year</growthType>
<maxVolumes>9999999</maxVolumes>
<minVolumes>0</minVolumes>
<normalForm>Third</normalForm>
<attributes itemClass="oracle.dbtools.crest.model.design.logical.Attribute">
<Attribute name="ID_Actividad" id="33D794CE-4797-15A0-3749-14A526A8739A">
<createdBy>CARLOS</createdBy>
<createdTime>2020-03-24 15:20:29 UTC</createdTime>
<ownerDesignName>E_R</ownerDesignName>
<engineerTo>
<item key="8A35B2A9-2F1C-C763-372B-71B6F1B0EB5F" value="true"/>
</engineerTo>
<useDomainConstraints>false</useDomainConstraints>
<use>1</use>
<ownDataTypeParameters>,,</ownDataTypeParameters>
</Attribute>
<Attribute name="Puntuación" id="0DB302E2-7AF6-939A-1870-9B01C0C6AF7F">
<createdBy>CARLOS</createdBy>
<createdTime>2020-03-24 15:20:38 UTC</createdTime>
<ownerDesignName>E_R</ownerDesignName>
<engineerTo>
<item key="8A35B2A9-2F1C-C763-372B-71B6F1B0EB5F" value="true"/>
</engineerTo>
<useDomainConstraints>false</useDomainConstraints>
<use>1</use>
<ownDataTypeParameters>,,</ownDataTypeParameters>
</Attribute>
<Attribute name="FechaInicio" id="4F389E37-71E7-C325-774F-D2EB81D9E7C3">
<createdBy>CARLOS</createdBy>
<createdTime>2020-03-24 15:20:49 UTC</createdTime>
<ownerDesignName>E_R</ownerDesignName>
<engineerTo>
<item key="8A35B2A9-2F1C-C763-372B-71B6F1B0EB5F" value="true"/>
</engineerTo>
<useDomainConstraints>false</useDomainConstraints>
<use>1</use>
<ownDataTypeParameters>,,</ownDataTypeParameters>
</Attribute>
<Attribute name="FechaFin" id="EEDDFC62-8428-D667-4F59-A755A2A7A353">
<createdBy>CARLOS</createdBy>
<createdTime>2020-03-24 15:20:57 UTC</createdTime>
<ownerDesignName>E_R</ownerDesignName>
<engineerTo>
<item key="8A35B2A9-2F1C-C763-372B-71B6F1B0EB5F" value="true"/>
</engineerTo>
<useDomainConstraints>false</useDomainConstraints>
<use>1</use>
<ownDataTypeParameters>,,</ownDataTypeParameters>
</Attribute>
<Attribute name="Localización" id="8BD2DA80-EF24-F170-C279-BADF07FA9581">
<createdBy>CARLOS</createdBy>
<createdTime>2020-03-24 15:21:08 UTC</createdTime>
<ownerDesignName>E_R</ownerDesignName>
<engineerTo>
<item key="8A35B2A9-2F1C-C763-372B-71B6F1B0EB5F" value="true"/>
</engineerTo>
<useDomainConstraints>false</useDomainConstraints>
<use>1</use>
<ownDataTypeParameters>,,</ownDataTypeParameters>
</Attribute>
<Attribute name="Descripción" id="2A53DF96-0A24-FE29-6FD7-01EC4F0352B4">
<createdBy>CARLOS</createdBy>
<createdTime>2020-03-24 15:21:17 UTC</createdTime>
<ownerDesignName>E_R</ownerDesignName>
<engineerTo>
<item key="8A35B2A9-2F1C-C763-372B-71B6F1B0EB5F" value="true"/>
</engineerTo>
<useDomainConstraints>false</useDomainConstraints>
<use>1</use>
<ownDataTypeParameters>,,</ownDataTypeParameters>
</Attribute>
<Attribute name="Capacidades_Necesarias" id="720AD7F4-43BD-EBCD-2349-02A00ADE878E">
<createdBy>CARLOS</createdBy>
<createdTime>2020-03-24 15:21:25 UTC</createdTime>
<ownerDesignName>E_R</ownerDesignName>
<engineerTo>
<item key="8A35B2A9-2F1C-C763-372B-71B6F1B0EB5F" value="true"/>
</engineerTo>
<useDomainConstraints>false</useDomainConstraints>
<use>1</use>
<ownDataTypeParameters>,,</ownDataTypeParameters>
</Attribute>
<Attribute name="EstadoActividad" id="D0D365D6-4F96-0262-A0E3-AE492A4405FC">
<createdBy>CARLOS</createdBy>
<createdTime>2020-03-24 15:21:38 UTC</createdTime>
<ownerDesignName>E_R</ownerDesignName>
<engineerTo>
<item key="8A35B2A9-2F1C-C763-372B-71B6F1B0EB5F" value="true"/>
</engineerTo>
<useDomainConstraints>false</useDomainConstraints>
<use>1</use>
<ownDataTypeParameters>,,</ownDataTypeParameters>
</Attribute>
<Attribute name="TipoActividad" id="C9E8789C-C95B-B575-F0F6-5E73A312C2B8">
<createdBy>CARLOS</createdBy>
<createdTime>2020-03-24 15:21:47 UTC</createdTime>
<ownerDesignName>E_R</ownerDesignName>
<engineerTo>
<item key="8A35B2A9-2F1C-C763-372B-71B6F1B0EB5F" value="true"/>
</engineerTo>
<useDomainConstraints>false</useDomainConstraints>
<use>1</use>
<ownDataTypeParameters>,,</ownDataTypeParameters>
</Attribute>
<Attribute name="NombreActividad" id="0E9A86BF-97E2-52F0-3E7A-C24492FAA537">
<createdBy>CARLOS</createdBy>
<createdTime>2020-03-24 15:21:57 UTC</createdTime>
<ownerDesignName>E_R</ownerDesignName>
<engineerTo>
<item key="8A35B2A9-2F1C-C763-372B-71B6F1B0EB5F" value="true"/>
</engineerTo>
<useDomainConstraints>false</useDomainConstraints>
<use>1</use>
<ownDataTypeParameters>,,</ownDataTypeParameters>
</Attribute>
<Attribute name="EstadoSolicitud" id="8C02F9EA-5AED-17EA-998A-A83E7ABC6D28">
<createdBy>CARLOS</createdBy>
<createdTime>2020-03-24 15:22:05 UTC</createdTime>
<ownerDesignName>E_R</ownerDesignName>
<engineerTo>
<item key="8A35B2A9-2F1C-C763-372B-71B6F1B0EB5F" value="true"/>
</engineerTo>
<useDomainConstraints>false</useDomainConstraints>
<use>1</use>
<ownDataTypeParameters>,,</ownDataTypeParameters>
</Attribute>
<Attribute name="Cod_Proyecto" id="1BB13FF7-1739-57E7-0CC3-03E7CE7F9D1E">
<createdBy>CARLOS</createdBy>
<createdTime>2020-03-24 16:15:24 UTC</createdTime>
<generatorID>AF0F0407-082E-F33B-6E2E-3B5CACA9906B</generatorID>
<ownerDesignName>E_R</ownerDesignName>
<engineerTo>
<item key="8A35B2A9-2F1C-C763-372B-71B6F1B0EB5F" value="true"/>
</engineerTo>
<referedAttribute>755B6864-7DAE-B546-0CD9-B86C950D00EA</referedAttribute>
<useDomainConstraints>false</useDomainConstraints>
<use>1</use>
<ownDataTypeParameters>,,</ownDataTypeParameters>
</Attribute>
<Attribute name="Cod_Gestor" id="4924D6F8-B065-39D5-69EE-E11A03F8FACB">
<createdBy>CARLOS</createdBy>
<createdTime>2020-03-24 18:38:28 UTC</createdTime>
<generatorID>A05F7562-EB55-F255-B2D9-997F7D57ABD4</generatorID>
<ownerDesignName>E_R</ownerDesignName>
<engineerTo>
<item key="8A35B2A9-2F1C-C763-372B-71B6F1B0EB5F" value="true"/>
</engineerTo>
<referedAttribute>CF667F14-9DFB-08A1-851F-73E5F7FF5A53</referedAttribute>
<useDomainConstraints>false</useDomainConstraints>
<use>1</use>
<ownDataTypeParameters>,,</ownDataTypeParameters>
</Attribute>
</attributes>
<identifiers itemClass="oracle.dbtools.crest.model.design.logical.CandidateKey">
<identifier id="9F1F5099-B277-7DF2-8A9C-7242993521EE" name="ACTIVIDAD PK">
<createdBy>CARLOS</createdBy>
<createdTime>2020-03-24 15:20:37 UTC</createdTime>
<ownerDesignName>E_R</ownerDesignName>
<engineerTo>
<item key="8A35B2A9-2F1C-C763-372B-71B6F1B0EB5F" value="true"/>
</engineerTo>
<pk>true</pk>
<usedAttributes>
<attributeRef>33D794CE-4797-15A0-3749-14A526A8739A</attributeRef>
</usedAttributes>
</identifier>
</identifiers>
</Entity>