<?xml version = '1.0' encoding = 'UTF-8'?>
<Entity class="oracle.dbtools.crest.model.design.logical.Entity" directorySegmentName="seg_0" id="636110F0-B909-0C53-CDC8-6C2D1F1941A0" name="NOTICIA">
<createdBy>CARLOS</createdBy>
<createdTime>2020-03-24 15:46:43 UTC</createdTime>
<ownerDesignName>E_R</ownerDesignName>
<engineerTo>
<item key="8A35B2A9-2F1C-C763-372B-71B6F1B0EB5F" value="true"/>
</engineerTo>
<adequatelyNormalized>NO</adequatelyNormalized>
<expectedVolumes>0</expectedVolumes>
<fwdEngineeringStrategyName>Single Table</fwdEngineeringStrategyName>
<growthPercent>0</growthPercent>
<growthType>Year</growthType>
<maxVolumes>9999999</maxVolumes>
<minVolumes>0</minVolumes>
<normalForm>Third</normalForm>
<attributes itemClass="oracle.dbtools.crest.model.design.logical.Attribute">
<Attribute name="Cod_Noticia" id="0CFA566C-FACF-9D79-A013-A94CA9A86A82">
<createdBy>CARLOS</createdBy>
<createdTime>2020-03-24 15:46:49 UTC</createdTime>
<ownerDesignName>E_R</ownerDesignName>
<engineerTo>
<item key="8A35B2A9-2F1C-C763-372B-71B6F1B0EB5F" value="true"/>
</engineerTo>
<useDomainConstraints>false</useDomainConstraints>
<use>1</use>
<ownDataTypeParameters>,,</ownDataTypeParameters>
</Attribute>
<Attribute name="Título" id="0C965C25-8256-1B58-1FE7-110333E286E0">
<createdBy>CARLOS</createdBy>
<createdTime>2020-03-24 15:47:00 UTC</createdTime>
<ownerDesignName>E_R</ownerDesignName>
<engineerTo>
<item key="8A35B2A9-2F1C-C763-372B-71B6F1B0EB5F" value="true"/>
</engineerTo>
<useDomainConstraints>false</useDomainConstraints>
<use>1</use>
<ownDataTypeParameters>,,</ownDataTypeParameters>
</Attribute>
<Attribute name="Descripción" id="F9531D05-E592-575C-A538-73D22C077F7B">
<createdBy>CARLOS</createdBy>
<createdTime>2020-03-24 15:47:07 UTC</createdTime>
<ownerDesignName>E_R</ownerDesignName>
<engineerTo>
<item key="8A35B2A9-2F1C-C763-372B-71B6F1B0EB5F" value="true"/>
</engineerTo>
<useDomainConstraints>false</useDomainConstraints>
<use>1</use>
<ownDataTypeParameters>,,</ownDataTypeParameters>
</Attribute>
<Attribute name="Cod_Gestor" id="98692928-F000-EABE-B88A-14ABA5F61BFF">
<createdBy>CARLOS</createdBy>
<createdTime>2020-03-24 16:25:11 UTC</createdTime>
<generatorID>28DAAEC1-8B00-B7F2-E022-32648E14D91D</generatorID>
<ownerDesignName>E_R</ownerDesignName>
<engineerTo>
<item key="8A35B2A9-2F1C-C763-372B-71B6F1B0EB5F" value="true"/>
</engineerTo>
<referedAttribute>CF667F14-9DFB-08A1-851F-73E5F7FF5A53</referedAttribute>
<useDomainConstraints>false</useDomainConstraints>
<use>1</use>
<ownDataTypeParameters>,,</ownDataTypeParameters>
</Attribute>
</attributes>
<identifiers itemClass="oracle.dbtools.crest.model.design.logical.CandidateKey">
<identifier id="A6920C13-15B1-BE8F-89B3-78B2EEBE8D43" name="NOTICIA PK">
<createdBy>CARLOS</createdBy>
<createdTime>2020-03-24 15:46:59 UTC</createdTime>
<ownerDesignName>E_R</ownerDesignName>
<engineerTo>
<item key="8A35B2A9-2F1C-C763-372B-71B6F1B0EB5F" value="true"/>
</engineerTo>
<pk>true</pk>
<usedAttributes>
<attributeRef>0CFA566C-FACF-9D79-A013-A94CA9A86A82</attributeRef>
</usedAttributes>
</identifier>
</identifiers>
</Entity>