<?xml version = '1.0' encoding = 'UTF-8'?>
<Entity class="oracle.dbtools.crest.model.design.logical.Entity" directorySegmentName="seg_0" id="6C02BBE2-D0B3-73B3-0220-E7F29DDCD517" name="VALORACIÓN_PÚBLICA">
<createdBy>CARLOS</createdBy>
<createdTime>2020-03-24 15:19:19 UTC</createdTime>
<ownerDesignName>E_R</ownerDesignName>
<engineerTo>
<item key="8A35B2A9-2F1C-C763-372B-71B6F1B0EB5F" value="true"/>
</engineerTo>
<adequatelyNormalized>NO</adequatelyNormalized>
<expectedVolumes>0</expectedVolumes>
<fwdEngineeringStrategyName>Single Table</fwdEngineeringStrategyName>
<growthPercent>0</growthPercent>
<growthType>Year</growthType>
<maxVolumes>9999999</maxVolumes>
<minVolumes>0</minVolumes>
<normalForm>Third</normalForm>
<attributes itemClass="oracle.dbtools.crest.model.design.logical.Attribute">
<Attribute name="ID_Valoración" id="E0C3D49E-789C-9F9D-289B-1DD7D4ECD0A2">
<createdBy>CARLOS</createdBy>
<createdTime>2020-03-24 15:19:25 UTC</createdTime>
<ownerDesignName>E_R</ownerDesignName>
<engineerTo>
<item key="8A35B2A9-2F1C-C763-372B-71B6F1B0EB5F" value="true"/>
</engineerTo>
<useDomainConstraints>false</useDomainConstraints>
<use>1</use>
<ownDataTypeParameters>,,</ownDataTypeParameters>
</Attribute>
<Attribute name="Calificación" id="033DD95B-2A27-23E3-B169-AC8122FDDECF">
<createdBy>CARLOS</createdBy>
<createdTime>2020-03-24 15:19:47 UTC</createdTime>
<ownerDesignName>E_R</ownerDesignName>
<engineerTo>
<item key="8A35B2A9-2F1C-C763-372B-71B6F1B0EB5F" value="true"/>
</engineerTo>
<useDomainConstraints>false</useDomainConstraints>
<use>1</use>
<ownDataTypeParameters>,,</ownDataTypeParameters>
</Attribute>
<Attribute name="ComentariosUsuario" id="6EB9946A-CD41-5818-2A42-B133ADCB0E5C">
<createdBy>CARLOS</createdBy>
<createdTime>2020-03-24 15:19:58 UTC</createdTime>
<ownerDesignName>E_R</ownerDesignName>
<engineerTo>
<item key="8A35B2A9-2F1C-C763-372B-71B6F1B0EB5F" value="true"/>
</engineerTo>
<useDomainConstraints>false</useDomainConstraints>
<use>1</use>
<ownDataTypeParameters>,,</ownDataTypeParameters>
</Attribute>
<Attribute name="ID_Actividad" id="C7CCAB24-706D-0F6C-83FC-99D5FB5D45BB">
<createdBy>CARLOS</createdBy>
<createdTime>2020-03-24 16:08:47 UTC</createdTime>
<generatorID>6F413C0F-242E-CF90-D9C3-3966A52F08C2</generatorID>
<ownerDesignName>E_R</ownerDesignName>
<engineerTo>
<item key="8A35B2A9-2F1C-C763-372B-71B6F1B0EB5F" value="true"/>
</engineerTo>
<referedAttribute>33D794CE-4797-15A0-3749-14A526A8739A</referedAttribute>
<useDomainConstraints>false</useDomainConstraints>
<use>1</use>
<ownDataTypeParameters>,,</ownDataTypeParameters>
</Attribute>
<Attribute name="ID_User" id="A3A64E57-AA18-16B0-47B0-CA27CAEBF250">
<createdBy>CARLOS</createdBy>
<createdTime>2020-03-24 16:08:56 UTC</createdTime>
<generatorID>A08CF090-CC8F-6E86-B9AA-02A878BCDA3F</generatorID>
<ownerDesignName>E_R</ownerDesignName>
<engineerTo>
<item key="8A35B2A9-2F1C-C763-372B-71B6F1B0EB5F" value="true"/>
</engineerTo>
<referedAttribute>F64C2B6D-11D0-41D4-62CD-469EA4CC636F</referedAttribute>
<useDomainConstraints>false</useDomainConstraints>
<use>1</use>
<ownDataTypeParameters>,,</ownDataTypeParameters>
</Attribute>
</attributes>
<identifiers itemClass="oracle.dbtools.crest.model.design.logical.CandidateKey">
<identifier id="A058E708-A004-B1C2-B8C9-6A3BA8179C16" name="VALORACIÓN PK">
<createdBy>CARLOS</createdBy>
<createdTime>2020-03-24 15:19:36 UTC</createdTime>
<ownerDesignName>E_R</ownerDesignName>
<engineerTo>
<item key="8A35B2A9-2F1C-C763-372B-71B6F1B0EB5F" value="true"/>
</engineerTo>
<pk>true</pk>
<usedAttributes>
<attributeRef>E0C3D49E-789C-9F9D-289B-1DD7D4ECD0A2</attributeRef>
<attributeRef>C7CCAB24-706D-0F6C-83FC-99D5FB5D45BB</attributeRef>
<attributeRef>A3A64E57-AA18-16B0-47B0-CA27CAEBF250</attributeRef>
</usedAttributes>
</identifier>
</identifiers>
</Entity>