<?xml version = '1.0' encoding = 'UTF-8'?>
<Entity class="oracle.dbtools.crest.model.design.logical.Entity" directorySegmentName="seg_0" id="73C223CE-3629-5C54-84E4-064C638E133F" name="MATCHING">
<createdBy>CARLOS</createdBy>
<createdTime>2020-03-24 15:29:57 UTC</createdTime>
<ownerDesignName>E_R</ownerDesignName>
<engineerTo>
<item key="8A35B2A9-2F1C-C763-372B-71B6F1B0EB5F" value="true"/>
</engineerTo>
<adequatelyNormalized>NO</adequatelyNormalized>
<expectedVolumes>0</expectedVolumes>
<fwdEngineeringStrategyName>Single Table</fwdEngineeringStrategyName>
<growthPercent>0</growthPercent>
<growthType>Year</growthType>
<maxVolumes>9999999</maxVolumes>
<minVolumes>0</minVolumes>
<normalForm>Third</normalForm>
<attributes itemClass="oracle.dbtools.crest.model.design.logical.Attribute">
<Attribute name="ID_Macthing" id="46C2B940-AA3C-43FC-DE3D-E62C85CEFAC1">
<createdBy>CARLOS</createdBy>
<createdTime>2020-03-24 15:30:04 UTC</createdTime>
<ownerDesignName>E_R</ownerDesignName>
<engineerTo>
<item key="8A35B2A9-2F1C-C763-372B-71B6F1B0EB5F" value="true"/>
</engineerTo>
<use>0</use>
<ownDataTypeParameters>,,</ownDataTypeParameters>
</Attribute>
<Attribute name="InfoTitulación" id="20CAC379-E6ED-EDC9-541C-CE99D0A2E5A1">
<createdBy>CARLOS</createdBy>
<createdTime>2020-03-24 15:30:15 UTC</createdTime>
<ownerDesignName>E_R</ownerDesignName>
<engineerTo>
<item key="8A35B2A9-2F1C-C763-372B-71B6F1B0EB5F" value="true"/>
</engineerTo>
<useDomainConstraints>false</useDomainConstraints>
<use>1</use>
<ownDataTypeParameters>,,</ownDataTypeParameters>
</Attribute>
<Attribute name="InfoIdiomas" id="49F270A8-51C4-CBAF-3E24-9D97B70EC39F">
<createdBy>CARLOS</createdBy>
<createdTime>2020-03-24 15:30:25 UTC</createdTime>
<ownerDesignName>E_R</ownerDesignName>
<engineerTo>
<item key="8A35B2A9-2F1C-C763-372B-71B6F1B0EB5F" value="true"/>
</engineerTo>
<useDomainConstraints>false</useDomainConstraints>
<use>1</use>
<ownDataTypeParameters>,,</ownDataTypeParameters>
</Attribute>
<Attribute name="InfoPreferencias" id="34469C53-A76F-6E57-0504-149F359E27D6">
<createdBy>CARLOS</createdBy>
<createdTime>2020-03-24 15:30:33 UTC</createdTime>
<ownerDesignName>E_R</ownerDesignName>
<engineerTo>
<item key="8A35B2A9-2F1C-C763-372B-71B6F1B0EB5F" value="true"/>
</engineerTo>
<useDomainConstraints>false</useDomainConstraints>
<use>1</use>
<ownDataTypeParameters>,,</ownDataTypeParameters>
</Attribute>
<Attribute name="InfoCapacidades" id="106260A8-7D9A-532A-52EC-1AC5D79C8ABF">
<createdBy>CARLOS</createdBy>
<createdTime>2020-03-24 15:32:02 UTC</createdTime>
<ownerDesignName>E_R</ownerDesignName>
<engineerTo>
<item key="8A35B2A9-2F1C-C763-372B-71B6F1B0EB5F" value="true"/>
</engineerTo>
<useDomainConstraints>false</useDomainConstraints>
<use>1</use>
<ownDataTypeParameters>,,</ownDataTypeParameters>
</Attribute>
<Attribute name="TipoActividad" id="A26FF2B9-EF37-9FA6-0212-07B8C58D5EE4">
<createdBy>CARLOS</createdBy>
<createdTime>2020-03-24 15:32:11 UTC</createdTime>
<ownerDesignName>E_R</ownerDesignName>
<engineerTo>
<item key="8A35B2A9-2F1C-C763-372B-71B6F1B0EB5F" value="true"/>
</engineerTo>
<useDomainConstraints>false</useDomainConstraints>
<use>1</use>
<ownDataTypeParameters>,,</ownDataTypeParameters>
</Attribute>
<Attribute name="ÁmbitoActividad" id="822E5CB2-66B9-F78D-A762-505FCF8A00A6">
<createdBy>CARLOS</createdBy>
<createdTime>2020-03-24 15:32:22 UTC</createdTime>
<ownerDesignName>E_R</ownerDesignName>
<engineerTo>
<item key="8A35B2A9-2F1C-C763-372B-71B6F1B0EB5F" value="true"/>
</engineerTo>
<useDomainConstraints>false</useDomainConstraints>
<use>1</use>
<ownDataTypeParameters>,,</ownDataTypeParameters>
</Attribute>
<Attribute name="ID_User" id="59F75D75-1F52-9310-58C5-877813C3CB49">
<createdBy>CARLOS</createdBy>
<createdTime>2020-03-24 15:40:55 UTC</createdTime>
<generatorID>3E8202EE-A722-D4BA-64D4-A9CE0F03AC16</generatorID>
<ownerDesignName>E_R</ownerDesignName>
<engineerTo>
<item key="8A35B2A9-2F1C-C763-372B-71B6F1B0EB5F" value="true"/>
</engineerTo>
<referedAttribute>F64C2B6D-11D0-41D4-62CD-469EA4CC636F</referedAttribute>
<useDomainConstraints>false</useDomainConstraints>
<use>1</use>
<ownDataTypeParameters>,,</ownDataTypeParameters>
</Attribute>
</attributes>
<identifiers itemClass="oracle.dbtools.crest.model.design.logical.CandidateKey">
<identifier id="0467FFDD-BC7B-6B8C-DA76-16B3DEF8BFF5" name="MATCHING PK">
<createdBy>CARLOS</createdBy>
<createdTime>2020-03-24 15:30:14 UTC</createdTime>
<ownerDesignName>E_R</ownerDesignName>
<engineerTo>
<item key="8A35B2A9-2F1C-C763-372B-71B6F1B0EB5F" value="true"/>
</engineerTo>
<pk>true</pk>
<usedAttributes>
<attributeRef>46C2B940-AA3C-43FC-DE3D-E62C85CEFAC1</attributeRef>
<attributeRef>59F75D75-1F52-9310-58C5-877813C3CB49</attributeRef>
</usedAttributes>
</identifier>
</identifiers>
</Entity>