<?xml version = '1.0' encoding = 'UTF-8'?>
<Entity class="oracle.dbtools.crest.model.design.logical.Entity" directorySegmentName="seg_0" id="A505C841-C186-43BC-A905-B8FE7B530C7B" name="MENSAJE">
<createdBy>CARLOS</createdBy>
<createdTime>2020-03-24 15:25:23 UTC</createdTime>
<ownerDesignName>E_R</ownerDesignName>
<engineerTo>
<item key="8A35B2A9-2F1C-C763-372B-71B6F1B0EB5F" value="true"/>
</engineerTo>
<adequatelyNormalized>NO</adequatelyNormalized>
<expectedVolumes>0</expectedVolumes>
<fwdEngineeringStrategyName>Single Table</fwdEngineeringStrategyName>
<growthPercent>0</growthPercent>
<growthType>Year</growthType>
<maxVolumes>9999999</maxVolumes>
<minVolumes>0</minVolumes>
<normalForm>Third</normalForm>
<attributes itemClass="oracle.dbtools.crest.model.design.logical.Attribute">
<Attribute name="ID_Mensaje" id="FED49A7F-39D5-4A15-1579-3B647FD3CBD0">
<createdBy>CARLOS</createdBy>
<createdTime>2020-03-24 15:27:15 UTC</createdTime>
<ownerDesignName>E_R</ownerDesignName>
<engineerTo>
<item key="8A35B2A9-2F1C-C763-372B-71B6F1B0EB5F" value="true"/>
</engineerTo>
<useDomainConstraints>false</useDomainConstraints>
<use>1</use>
<ownDataTypeParameters>,,</ownDataTypeParameters>
</Attribute>
<Attribute name="Texto" id="4E7934B2-7025-F618-5FF5-B3F0AA38E3BD">
<createdBy>CARLOS</createdBy>
<createdTime>2020-03-24 15:27:21 UTC</createdTime>
<ownerDesignName>E_R</ownerDesignName>
<engineerTo>
<item key="8A35B2A9-2F1C-C763-372B-71B6F1B0EB5F" value="true"/>
</engineerTo>
<useDomainConstraints>false</useDomainConstraints>
<use>1</use>
<ownDataTypeParameters>,,</ownDataTypeParameters>
</Attribute>
<Attribute name="ID_User" id="F00A1D87-06F9-6548-99DD-3283E748BC3D">
<createdBy>CARLOS</createdBy>
<createdTime>2020-03-24 16:00:51 UTC</createdTime>
<generatorID>B5CC4B25-8A2F-C290-7342-70897516114B</generatorID>
<ownerDesignName>E_R</ownerDesignName>
<engineerTo>
<item key="8A35B2A9-2F1C-C763-372B-71B6F1B0EB5F" value="true"/>
</engineerTo>
<referedAttribute>F64C2B6D-11D0-41D4-62CD-469EA4CC636F</referedAttribute>
<useDomainConstraints>false</useDomainConstraints>
<use>1</use>
<ownDataTypeParameters>,,</ownDataTypeParameters>
</Attribute>
</attributes>
<identifiers itemClass="oracle.dbtools.crest.model.design.logical.CandidateKey">
<identifier id="D1220CEB-BE18-9ED0-E7B7-AA51138AFA05" name="MENSAJE PK">
<createdBy>CARLOS</createdBy>
<createdTime>2020-03-24 15:29:12 UTC</createdTime>
<ownerDesignName>E_R</ownerDesignName>
<engineerTo>
<item key="8A35B2A9-2F1C-C763-372B-71B6F1B0EB5F" value="true"/>
</engineerTo>
<pk>true</pk>
<usedAttributes>
<attributeRef>FED49A7F-39D5-4A15-1579-3B647FD3CBD0</attributeRef>
</usedAttributes>
</identifier>
</identifiers>
</Entity>