<?xml version = '1.0' encoding = 'UTF-8'?>
<Entity class="oracle.dbtools.crest.model.design.logical.Entity" directorySegmentName="seg_0" id="B2A5F012-07BC-9FA0-BB65-70F614CF72CF" name="USUARIO">
<createdBy>CARLOS</createdBy>
<createdTime>2020-03-24 15:11:58 UTC</createdTime>
<ownerDesignName>E_R</ownerDesignName>
<engineerTo>
<item key="8A35B2A9-2F1C-C763-372B-71B6F1B0EB5F" value="true"/>
</engineerTo>
<adequatelyNormalized>NO</adequatelyNormalized>
<expectedVolumes>0</expectedVolumes>
<fwdEngineeringStrategyName>Single Table</fwdEngineeringStrategyName>
<growthPercent>0</growthPercent>
<growthType>Year</growthType>
<maxVolumes>9999999</maxVolumes>
<minVolumes>0</minVolumes>
<normalForm>Third</normalForm>
<attributes itemClass="oracle.dbtools.crest.model.design.logical.Attribute">
<Attribute name="ID_User" id="F64C2B6D-11D0-41D4-62CD-469EA4CC636F">
<createdBy>CARLOS</createdBy>
<createdTime>2020-03-24 15:12:04 UTC</createdTime>
<ownerDesignName>E_R</ownerDesignName>
<engineerTo>
<item key="8A35B2A9-2F1C-C763-372B-71B6F1B0EB5F" value="true"/>
</engineerTo>
<useDomainConstraints>false</useDomainConstraints>
<use>1</use>
<ownDataTypeParameters>,,</ownDataTypeParameters>
</Attribute>
<Attribute name="Nombre" id="5DCEEB52-4678-E3E9-CD92-52FBA22548CA">
<createdBy>CARLOS</createdBy>
<createdTime>2020-03-24 15:12:47 UTC</createdTime>
<ownerDesignName>E_R</ownerDesignName>
<engineerTo>
<item key="8A35B2A9-2F1C-C763-372B-71B6F1B0EB5F" value="true"/>
</engineerTo>
<useDomainConstraints>false</useDomainConstraints>
<use>1</use>
<ownDataTypeParameters>,,</ownDataTypeParameters>
</Attribute>
<Attribute name="Apellidos" id="ADE7F5CF-6B44-B22B-8A62-342A32AB8C4A">
<createdBy>CARLOS</createdBy>
<createdTime>2020-03-24 15:13:02 UTC</createdTime>
<ownerDesignName>E_R</ownerDesignName>
<engineerTo>
<item key="8A35B2A9-2F1C-C763-372B-71B6F1B0EB5F" value="true"/>
</engineerTo>
<useDomainConstraints>false</useDomainConstraints>
<use>1</use>
<ownDataTypeParameters>,,</ownDataTypeParameters>
</Attribute>
<Attribute name="Password" id="41E28C72-A897-5B4A-CC2F-C3E2D34CBF1C">
<createdBy>CARLOS</createdBy>
<createdTime>2020-03-24 15:12:23 UTC</createdTime>
<ownerDesignName>E_R</ownerDesignName>
<engineerTo>
<item key="8A35B2A9-2F1C-C763-372B-71B6F1B0EB5F" value="true"/>
</engineerTo>
<useDomainConstraints>false</useDomainConstraints>
<use>1</use>
<ownDataTypeParameters>,,</ownDataTypeParameters>
</Attribute>
<Attribute name="FechaNacimiento" id="BBD1DF8A-5283-B9B2-15E0-00EC8A63F197">
<createdBy>CARLOS</createdBy>
<createdTime>2020-03-24 15:13:07 UTC</createdTime>
<ownerDesignName>E_R</ownerDesignName>
<engineerTo>
<item key="8A35B2A9-2F1C-C763-372B-71B6F1B0EB5F" value="true"/>
</engineerTo>
<useDomainConstraints>false</useDomainConstraints>
<use>1</use>
<ownDataTypeParameters>,,</ownDataTypeParameters>
</Attribute>
<Attribute name="DNI/NIF" id="83560AA4-74FE-A3E1-D0D4-E438642F4C3A">
<createdBy>CARLOS</createdBy>
<createdTime>2020-03-24 15:13:16 UTC</createdTime>
<ownerDesignName>E_R</ownerDesignName>
<engineerTo>
<item key="8A35B2A9-2F1C-C763-372B-71B6F1B0EB5F" value="true"/>
</engineerTo>
<useDomainConstraints>false</useDomainConstraints>
<use>1</use>
<ownDataTypeParameters>,,</ownDataTypeParameters>
</Attribute>
<Attribute name="Email" id="FF5B8AF8-C34E-0785-B372-95DAE995E6AF">
<createdBy>CARLOS</createdBy>
<createdTime>2020-03-24 15:13:34 UTC</createdTime>
<ownerDesignName>E_R</ownerDesignName>
<engineerTo>
<item key="8A35B2A9-2F1C-C763-372B-71B6F1B0EB5F" value="true"/>
</engineerTo>
<useDomainConstraints>false</useDomainConstraints>
<use>1</use>
<ownDataTypeParameters>,,</ownDataTypeParameters>
</Attribute>
<Attribute name="Dirección" id="72ACDDE3-995B-708E-0768-F1FF062169E4">
<createdBy>CARLOS</createdBy>
<createdTime>2020-03-24 15:14:04 UTC</createdTime>
<ownerDesignName>E_R</ownerDesignName>
<engineerTo>
<item key="8A35B2A9-2F1C-C763-372B-71B6F1B0EB5F" value="true"/>
</engineerTo>
<useDomainConstraints>false</useDomainConstraints>
<use>1</use>
<ownDataTypeParameters>,,</ownDataTypeParameters>
</Attribute>
<Attribute name="Formación" id="FD487EC2-C6AC-C777-15EF-447DC78D4940">
<createdBy>CARLOS</createdBy>
<createdTime>2020-03-24 15:17:00 UTC</createdTime>
<ownerDesignName>E_R</ownerDesignName>
<engineerTo>
<item key="8A35B2A9-2F1C-C763-372B-71B6F1B0EB5F" value="true"/>
</engineerTo>
<useDomainConstraints>false</useDomainConstraints>
<use>1</use>
<ownDataTypeParameters>,,</ownDataTypeParameters>
</Attribute>
<Attribute name="Foto" id="C10CA173-DDF9-094F-51B9-2FB718300FFC">
<createdBy>CARLOS</createdBy>
<createdTime>2020-03-24 15:17:15 UTC</createdTime>
<ownerDesignName>E_R</ownerDesignName>
<engineerTo>
<item key="8A35B2A9-2F1C-C763-372B-71B6F1B0EB5F" value="true"/>
</engineerTo>
<useDomainConstraints>false</useDomainConstraints>
<use>1</use>
<ownDataTypeParameters>,,</ownDataTypeParameters>
</Attribute>
<Attribute name="Teléfono" id="5CF53616-B976-1E95-AC98-CBCEEDF1EF2C">
<createdBy>CARLOS</createdBy>
<createdTime>2020-03-24 15:17:23 UTC</createdTime>
<ownerDesignName>E_R</ownerDesignName>
<engineerTo>
<item key="8A35B2A9-2F1C-C763-372B-71B6F1B0EB5F" value="true"/>
</engineerTo>
<useDomainConstraints>false</useDomainConstraints>
<use>1</use>
<ownDataTypeParameters>,,</ownDataTypeParameters>
</Attribute>
<Attribute name="Idioma" id="F7C32DE4-D36A-FEC4-8BB7-960B722D03DD">
<createdBy>CARLOS</createdBy>
<createdTime>2020-03-24 15:17:34 UTC</createdTime>
<ownerDesignName>E_R</ownerDesignName>
<engineerTo>
<item key="8A35B2A9-2F1C-C763-372B-71B6F1B0EB5F" value="true"/>
</engineerTo>
<useDomainConstraints>false</useDomainConstraints>
<use>1</use>
<ownDataTypeParameters>,,</ownDataTypeParameters>
</Attribute>
<Attribute name="Rol" id="B848B63F-5C36-BE10-8AC4-BF017D382C5A">
<createdBy>CARLOS</createdBy>
<createdTime>2020-03-24 15:17:42 UTC</createdTime>
<ownerDesignName>E_R</ownerDesignName>
<engineerTo>
<item key="8A35B2A9-2F1C-C763-372B-71B6F1B0EB5F" value="true"/>
</engineerTo>
<useDomainConstraints>false</useDomainConstraints>
<use>1</use>
<ownDataTypeParameters>,,</ownDataTypeParameters>
</Attribute>
<Attribute name="ID_Mensaje" id="10CB4965-2BCE-F731-9FAF-9F6C3D6C4955">
<createdBy>CARLOS</createdBy>
<createdTime>2020-03-24 16:18:03 UTC</createdTime>
<generatorID>EA7201EB-6E8B-B0DC-BCFA-44CF12DA5E39</generatorID>
<ownerDesignName>E_R</ownerDesignName>
<engineerTo>
<item key="8A35B2A9-2F1C-C763-372B-71B6F1B0EB5F" value="true"/>
</engineerTo>
<referedAttribute>FED49A7F-39D5-4A15-1579-3B647FD3CBD0</referedAttribute>
<useDomainConstraints>false</useDomainConstraints>
<use>1</use>
<ownDataTypeParameters>,,</ownDataTypeParameters>
</Attribute>
</attributes>
<identifiers itemClass="oracle.dbtools.crest.model.design.logical.CandidateKey">
<identifier id="20367CE2-D1F4-72BF-EA27-245E7F20F65F" name="Usuario PK">
<createdBy>CARLOS</createdBy>
<createdTime>2020-03-24 15:12:38 UTC</createdTime>
<ownerDesignName>E_R</ownerDesignName>
<engineerTo>
<item key="8A35B2A9-2F1C-C763-372B-71B6F1B0EB5F" value="true"/>
</engineerTo>
<pk>true</pk>
<usedAttributes>
<attributeRef>F64C2B6D-11D0-41D4-62CD-469EA4CC636F</attributeRef>
</usedAttributes>
</identifier>
<identifier id="0410A67C-15B8-706B-C7CF-DC919294881B" name="Key_2">
<createdBy>CARLOS</createdBy>
<createdTime>2020-03-24 15:29:21 UTC</createdTime>
<ownerDesignName>E_R</ownerDesignName>
<engineerTo>
<item key="8A35B2A9-2F1C-C763-372B-71B6F1B0EB5F" value="true"/>
</engineerTo>
<newElementsIDs>83560AA4-74FE-A3E1-D0D4-E438642F4C3A</newElementsIDs>
<usedAttributes>
<attributeRef>83560AA4-74FE-A3E1-D0D4-E438642F4C3A</attributeRef>
</usedAttributes>
</identifier>
</identifiers>
</Entity>