<?xml version = '1.0' encoding = 'UTF-8'?>
<Entity class="oracle.dbtools.crest.model.design.logical.Entity" directorySegmentName="seg_0" id="C5E136C5-881C-4D6B-A12C-31C5704EFEC1" name="ORGANIZACIÓN">
<createdBy>CARLOS</createdBy>
<createdTime>2020-03-24 15:47:33 UTC</createdTime>
<ownerDesignName>E_R</ownerDesignName>
<engineerTo>
<item key="8A35B2A9-2F1C-C763-372B-71B6F1B0EB5F" value="true"/>
</engineerTo>
<adequatelyNormalized>NO</adequatelyNormalized>
<expectedVolumes>0</expectedVolumes>
<fwdEngineeringStrategyName>Single Table</fwdEngineeringStrategyName>
<growthPercent>0</growthPercent>
<growthType>Year</growthType>
<maxVolumes>9999999</maxVolumes>
<minVolumes>0</minVolumes>
<normalForm>Third</normalForm>
<attributes itemClass="oracle.dbtools.crest.model.design.logical.Attribute">
<Attribute name="Cod_Proyecto" id="755B6864-7DAE-B546-0CD9-B86C950D00EA">
<createdBy>CARLOS</createdBy>
<createdTime>2020-03-24 15:47:46 UTC</createdTime>
<ownerDesignName>E_R</ownerDesignName>
<engineerTo>
<item key="8A35B2A9-2F1C-C763-372B-71B6F1B0EB5F" value="true"/>
</engineerTo>
<useDomainConstraints>false</useDomainConstraints>
<use>1</use>
<ownDataTypeParameters>,,</ownDataTypeParameters>
</Attribute>
<Attribute name="Nombre" id="8DB1B8DB-CE55-4121-17C9-F930ECA1F7E4">
<createdBy>CARLOS</createdBy>
<createdTime>2020-03-24 15:48:02 UTC</createdTime>
<ownerDesignName>E_R</ownerDesignName>
<engineerTo>
<item key="8A35B2A9-2F1C-C763-372B-71B6F1B0EB5F" value="true"/>
</engineerTo>
<useDomainConstraints>false</useDomainConstraints>
<use>1</use>
<ownDataTypeParameters>,,</ownDataTypeParameters>
</Attribute>
<Attribute name="Sede" id="5D1F3693-95BC-C1F2-4075-5C36B2053A7D">
<createdBy>CARLOS</createdBy>
<createdTime>2020-03-24 15:48:10 UTC</createdTime>
<ownerDesignName>E_R</ownerDesignName>
<engineerTo>
<item key="8A35B2A9-2F1C-C763-372B-71B6F1B0EB5F" value="true"/>
</engineerTo>
<useDomainConstraints>false</useDomainConstraints>
<use>1</use>
<ownDataTypeParameters>,,</ownDataTypeParameters>
</Attribute>
<Attribute name="Propósito" id="2C94CBB8-67C2-447B-A739-E074E7BC960D">
<createdBy>CARLOS</createdBy>
<createdTime>2020-03-24 15:48:24 UTC</createdTime>
<ownerDesignName>E_R</ownerDesignName>
<engineerTo>
<item key="8A35B2A9-2F1C-C763-372B-71B6F1B0EB5F" value="true"/>
</engineerTo>
<useDomainConstraints>false</useDomainConstraints>
<use>1</use>
<ownDataTypeParameters>,,</ownDataTypeParameters>
</Attribute>
</attributes>
<identifiers itemClass="oracle.dbtools.crest.model.design.logical.CandidateKey">
<identifier id="2116364A-E13A-1D0C-87BE-EC1948AE5A6A" name="ORGANIZACIÓN PK">
<createdBy>CARLOS</createdBy>
<createdTime>2020-03-24 15:48:00 UTC</createdTime>
<ownerDesignName>E_R</ownerDesignName>
<engineerTo>
<item key="8A35B2A9-2F1C-C763-372B-71B6F1B0EB5F" value="true"/>
</engineerTo>
<pk>true</pk>
<usedAttributes>
<attributeRef>755B6864-7DAE-B546-0CD9-B86C950D00EA</attributeRef>
</usedAttributes>
</identifier>
</identifiers>
</Entity>