<?xml version = '1.0' encoding = 'UTF-8'?>
<Entity class="oracle.dbtools.crest.model.design.logical.Entity" directorySegmentName="seg_0" id="CA4A31B4-A0A6-74B4-F860-D4C06BE61C26" name="ASIGNATURA">
<createdBy>CARLOS</createdBy>
<createdTime>2020-03-24 15:27:40 UTC</createdTime>
<ownerDesignName>E_R</ownerDesignName>
<engineerTo>
<item key="8A35B2A9-2F1C-C763-372B-71B6F1B0EB5F" value="true"/>
</engineerTo>
<adequatelyNormalized>NO</adequatelyNormalized>
<expectedVolumes>0</expectedVolumes>
<fwdEngineeringStrategyName>Single Table</fwdEngineeringStrategyName>
<growthPercent>0</growthPercent>
<growthType>Year</growthType>
<maxVolumes>9999999</maxVolumes>
<minVolumes>0</minVolumes>
<normalForm>Third</normalForm>
<attributes itemClass="oracle.dbtools.crest.model.design.logical.Attribute">
<Attribute name="Cod_Asignatura" id="99798A67-C3B7-42AC-87E4-CD266399C8F8">
<createdBy>CARLOS</createdBy>
<createdTime>2020-03-24 15:27:48 UTC</createdTime>
<ownerDesignName>E_R</ownerDesignName>
<engineerTo>
<item key="8A35B2A9-2F1C-C763-372B-71B6F1B0EB5F" value="true"/>
</engineerTo>
<useDomainConstraints>false</useDomainConstraints>
<use>1</use>
<ownDataTypeParameters>,,</ownDataTypeParameters>
</Attribute>
<Attribute name="NombreAsignatura" id="048232A0-23CE-1E6A-A557-911104159AD6">
<createdBy>CARLOS</createdBy>
<createdTime>2020-03-24 15:27:58 UTC</createdTime>
<ownerDesignName>E_R</ownerDesignName>
<engineerTo>
<item key="8A35B2A9-2F1C-C763-372B-71B6F1B0EB5F" value="true"/>
</engineerTo>
<useDomainConstraints>false</useDomainConstraints>
<use>1</use>
<ownDataTypeParameters>,,</ownDataTypeParameters>
</Attribute>
<Attribute name="CursoImpartida" id="4D78B132-7B84-DCF7-41F4-48DE9D504CCD">
<createdBy>CARLOS</createdBy>
<createdTime>2020-03-24 15:28:06 UTC</createdTime>
<ownerDesignName>E_R</ownerDesignName>
<engineerTo>
<item key="8A35B2A9-2F1C-C763-372B-71B6F1B0EB5F" value="true"/>
</engineerTo>
<useDomainConstraints>false</useDomainConstraints>
<use>1</use>
<ownDataTypeParameters>,,</ownDataTypeParameters>
</Attribute>
<Attribute name="ID_Actividad" id="6ACECF62-1CD1-E512-2C6A-2BFF94F5237A">
<createdBy>CARLOS</createdBy>
<createdTime>2020-03-24 16:09:28 UTC</createdTime>
<generatorID>C4D46340-4AB0-765A-F0A9-9D8BEE2CE630</generatorID>
<ownerDesignName>E_R</ownerDesignName>
<engineerTo>
<item key="8A35B2A9-2F1C-C763-372B-71B6F1B0EB5F" value="true"/>
</engineerTo>
<referedAttribute>33D794CE-4797-15A0-3749-14A526A8739A</referedAttribute>
<useDomainConstraints>false</useDomainConstraints>
<use>1</use>
<ownDataTypeParameters>,,</ownDataTypeParameters>
</Attribute>
</attributes>
<identifiers itemClass="oracle.dbtools.crest.model.design.logical.CandidateKey">
<identifier id="53B1B65B-5F0A-178C-69FA-5849EF04B7D5" name="ASIGNATURA PK">
<createdBy>CARLOS</createdBy>
<createdTime>2020-03-24 15:27:57 UTC</createdTime>
<ownerDesignName>E_R</ownerDesignName>
<engineerTo>
<item key="8A35B2A9-2F1C-C763-372B-71B6F1B0EB5F" value="true"/>
</engineerTo>
<pk>true</pk>
<usedAttributes>
<attributeRef>99798A67-C3B7-42AC-87E4-CD266399C8F8</attributeRef>
</usedAttributes>
</identifier>
</identifiers>
</Entity>