<?xml version = '1.0' encoding = 'UTF-8'?>
<Relation class="oracle.dbtools.crest.model.design.logical.Relation" name="Relation_19" directorySegmentName="seg_0" id="24174715-C4A7-4283-C634-A43C2A590389">
<createdBy>CARLOS</createdBy>
<createdTime>2020-03-24 16:15:39 UTC</createdTime>
<ownerDesignName>E_R</ownerDesignName>
<engineerTo>
<item key="8A35B2A9-2F1C-C763-372B-71B6F1B0EB5F" value="true"/>
</engineerTo>
<identifying>false</identifying>
<nameOnSource>Matriculado</nameOnSource>
<optionalSource>true</optionalSource>
<optionalTarget>false</optionalTarget>
<sourceCardinality>*</sourceCardinality>
<sourceEntity>578D85AF-A58B-4653-28A1-621340E59D57</sourceEntity>
<targetCardinalityString>*</targetCardinalityString>
<targetEntity>CA4A31B4-A0A6-74B4-F860-D4C06BE61C26</targetEntity>
<transferable>true</transferable>
<deleteRule>NO ACTION</deleteRule>
</Relation>