<?xml version = '1.0' encoding = 'UTF-8'?>
<Relation class="oracle.dbtools.crest.model.design.logical.Relation" name="Relation_13" directorySegmentName="seg_0" id="28DAAEC1-8B00-B7F2-E022-32648E14D91D">
<createdBy>CARLOS</createdBy>
<createdTime>2020-03-24 16:02:08 UTC</createdTime>
<ownerDesignName>E_R</ownerDesignName>
<engineerTo>
<item key="8A35B2A9-2F1C-C763-372B-71B6F1B0EB5F" value="true"/>
</engineerTo>
<sourcePk>5CCA8A26-A1D9-2CF6-6BB3-E79746AEE446</sourcePk>
<identifying>false</identifying>
<nameOnSource>Crea</nameOnSource>
<optionalSource>true</optionalSource>
<optionalTarget>false</optionalTarget>
<sourceCardinality>1</sourceCardinality>
<sourceEntity>B433BF16-1BEF-458E-47B2-D1D20ECBD742</sourceEntity>
<targetCardinalityString>*</targetCardinalityString>
<targetEntity>636110F0-B909-0C53-CDC8-6C2D1F1941A0</targetEntity>
<transferable>true</transferable>
<deleteRule>NO ACTION</deleteRule>
</Relation>