<?xml version = '1.0' encoding = 'UTF-8'?>
<Relation class="oracle.dbtools.crest.model.design.logical.Relation" name="Relation_17" directorySegmentName="seg_0" id="2A802206-B889-0474-0AAD-D571FDF3961A">
<createdBy>CARLOS</createdBy>
<createdTime>2020-03-24 16:11:27 UTC</createdTime>
<ownerDesignName>E_R</ownerDesignName>
<engineerTo>
<item key="8A35B2A9-2F1C-C763-372B-71B6F1B0EB5F" value="true"/>
</engineerTo>
<targetPk>53B1B65B-5F0A-178C-69FA-5849EF04B7D5</targetPk>
<identifying>false</identifying>
<nameOnSource>Imparte</nameOnSource>
<optionalSource>true</optionalSource>
<optionalTarget>false</optionalTarget>
<sourceCardinality>*</sourceCardinality>
<sourceEntity>956EBEB6-42FF-E95C-F2AB-D5A5BBDC8DF9</sourceEntity>
<targetCardinalityString>*</targetCardinalityString>
<targetEntity>CA4A31B4-A0A6-74B4-F860-D4C06BE61C26</targetEntity>
<transferable>true</transferable>
<deleteRule>NO ACTION</deleteRule>
</Relation>