<?xml version = '1.0' encoding = 'UTF-8'?>
<Relation class="oracle.dbtools.crest.model.design.logical.Relation" name="Relation_6" directorySegmentName="seg_0" id="35145545-9DB0-B2B0-A025-DD2F22E7452B">
<createdBy>CARLOS</createdBy>
<createdTime>2020-03-24 15:41:37 UTC</createdTime>
<ownerDesignName>E_R</ownerDesignName>
<engineerTo>
<item key="8A35B2A9-2F1C-C763-372B-71B6F1B0EB5F" value="true"/>
</engineerTo>
<identifying>false</identifying>
<nameOnSource>Está_Asociado_Con</nameOnSource>
<optionalSource>false</optionalSource>
<optionalTarget>false</optionalTarget>
<sourceCardinality>*</sourceCardinality>
<sourceEntity>73C223CE-3629-5C54-84E4-064C638E133F</sourceEntity>
<targetCardinalityString>*</targetCardinalityString>
<targetEntity>551CA76B-0059-9B72-D44B-5CD3326EDB3E</targetEntity>
<transferable>true</transferable>
<deleteRule>NO ACTION</deleteRule>
</Relation>