<?xml version = '1.0' encoding = 'UTF-8'?>
<Relation class="oracle.dbtools.crest.model.design.logical.Relation" name="Relation_5" directorySegmentName="seg_0" id="3E8202EE-A722-D4BA-64D4-A9CE0F03AC16">
<createdBy>CARLOS</createdBy>
<createdTime>2020-03-24 15:40:55 UTC</createdTime>
<ownerDesignName>E_R</ownerDesignName>
<engineerTo>
<item key="8A35B2A9-2F1C-C763-372B-71B6F1B0EB5F" value="true"/>
</engineerTo>
<sourcePk>20367CE2-D1F4-72BF-EA27-245E7F20F65F</sourcePk>
<identifying>true</identifying>
<nameOnSource>Tiene</nameOnSource>
<optionalSource>false</optionalSource>
<optionalTarget>false</optionalTarget>
<sourceCardinality>1</sourceCardinality>
<sourceEntity>B2A5F012-07BC-9FA0-BB65-70F614CF72CF</sourceEntity>
<targetCardinalityString>*</targetCardinalityString>
<targetEntity>73C223CE-3629-5C54-84E4-064C638E133F</targetEntity>
<transferable>true</transferable>
<deleteRule>NO ACTION</deleteRule>
</Relation>