<?xml version = '1.0' encoding = 'UTF-8'?>
<Relation class="oracle.dbtools.crest.model.design.logical.Relation" name="Relation_14" directorySegmentName="seg_0" id="6F413C0F-242E-CF90-D9C3-3966A52F08C2">
<createdBy>CARLOS</createdBy>
<createdTime>2020-03-24 16:08:47 UTC</createdTime>
<ownerDesignName>E_R</ownerDesignName>
<engineerTo>
<item key="8A35B2A9-2F1C-C763-372B-71B6F1B0EB5F" value="true"/>
</engineerTo>
<sourcePk>9F1F5099-B277-7DF2-8A9C-7242993521EE</sourcePk>
<identifying>true</identifying>
<nameOnSource>A</nameOnSource>
<optionalSource>true</optionalSource>
<optionalTarget>false</optionalTarget>
<sourceCardinality>1</sourceCardinality>
<sourceEntity>551CA76B-0059-9B72-D44B-5CD3326EDB3E</sourceEntity>
<targetCardinalityString>*</targetCardinalityString>
<targetEntity>6C02BBE2-D0B3-73B3-0220-E7F29DDCD517</targetEntity>
<transferable>true</transferable>
<deleteRule>NO ACTION</deleteRule>
</Relation>