<?xml version = '1.0' encoding = 'UTF-8'?>
<Relation class="oracle.dbtools.crest.model.design.logical.Relation" name="Relation_27" directorySegmentName="seg_0" id="92383A6D-5AD8-740D-85CE-9A192276FA3C">
<createdBy>CARLOS</createdBy>
<createdTime>2020-03-25 16:18:34 UTC</createdTime>
<ownerDesignName>E_R</ownerDesignName>
<engineerTo>
<item key="8A35B2A9-2F1C-C763-372B-71B6F1B0EB5F" value="true"/>
</engineerTo>
<sourcePk>20367CE2-D1F4-72BF-EA27-245E7F20F65F</sourcePk>
<identifying>true</identifying>
<nameOnSource>A</nameOnSource>
<optionalSource>true</optionalSource>
<optionalTarget>false</optionalTarget>
<sourceCardinality>1</sourceCardinality>
<sourceEntity>B2A5F012-07BC-9FA0-BB65-70F614CF72CF</sourceEntity>
<targetCardinalityString>*</targetCardinalityString>
<targetEntity>04559025-5F6C-706A-8016-935BEE7C51C0</targetEntity>
<transferable>true</transferable>
<deleteRule>NO ACTION</deleteRule>
</Relation>