<?xml version = '1.0' encoding = 'UTF-8'?>
<Relation class="oracle.dbtools.crest.model.design.logical.Relation" name="Relation_22" directorySegmentName="seg_0" id="A05F7562-EB55-F255-B2D9-997F7D57ABD4">
<createdBy>CARLOS</createdBy>
<createdTime>2020-03-24 18:38:28 UTC</createdTime>
<ownerDesignName>E_R</ownerDesignName>
<engineerTo>
<item key="8A35B2A9-2F1C-C763-372B-71B6F1B0EB5F" value="true"/>
</engineerTo>
<sourcePk>5CCA8A26-A1D9-2CF6-6BB3-E79746AEE446</sourcePk>
<identifying>false</identifying>
<nameOnSource>Revisa</nameOnSource>
<optionalSource>true</optionalSource>
<optionalTarget>false</optionalTarget>
<sourceCardinality>1</sourceCardinality>
<sourceEntity>B433BF16-1BEF-458E-47B2-D1D20ECBD742</sourceEntity>
<targetCardinalityString>*</targetCardinalityString>
<targetEntity>551CA76B-0059-9B72-D44B-5CD3326EDB3E</targetEntity>
<transferable>true</transferable>
<deleteRule>NO ACTION</deleteRule>
</Relation>