<?xml version = '1.0' encoding = 'UTF-8'?>
<Relation class="oracle.dbtools.crest.model.design.logical.Relation" name="Relation_15" directorySegmentName="seg_0" id="A08CF090-CC8F-6E86-B9AA-02A878BCDA3F">
<createdBy>CARLOS</createdBy>
<createdTime>2020-03-24 16:08:56 UTC</createdTime>
<ownerDesignName>E_R</ownerDesignName>
<engineerTo>
<item key="8A35B2A9-2F1C-C763-372B-71B6F1B0EB5F" value="true"/>
</engineerTo>
<sourcePk>20367CE2-D1F4-72BF-EA27-245E7F20F65F</sourcePk>
<identifying>true</identifying>
<nameOnSource>Valora</nameOnSource>
<optionalSource>true</optionalSource>
<optionalTarget>false</optionalTarget>
<sourceCardinality>1</sourceCardinality>
<sourceEntity>B2A5F012-07BC-9FA0-BB65-70F614CF72CF</sourceEntity>
<targetCardinalityString>*</targetCardinalityString>
<targetEntity>6C02BBE2-D0B3-73B3-0220-E7F29DDCD517</targetEntity>
<transferable>true</transferable>
<deleteRule>NO ACTION</deleteRule>
</Relation>