<?xml version = '1.0' encoding = 'UTF-8'?>
<Relation class="oracle.dbtools.crest.model.design.logical.Relation" name="Relation_18" directorySegmentName="seg_0" id="AF0F0407-082E-F33B-6E2E-3B5CACA9906B">
<createdBy>CARLOS</createdBy>
<createdTime>2020-03-24 16:13:27 UTC</createdTime>
<ownerDesignName>E_R</ownerDesignName>
<engineerTo>
<item key="8A35B2A9-2F1C-C763-372B-71B6F1B0EB5F" value="true"/>
</engineerTo>
<sourcePk>2116364A-E13A-1D0C-87BE-EC1948AE5A6A</sourcePk>
<identifying>false</identifying>
<nameOnSource>Crea</nameOnSource>
<optionalSource>true</optionalSource>
<optionalTarget>false</optionalTarget>
<sourceCardinality>1</sourceCardinality>
<sourceEntity>C5E136C5-881C-4D6B-A12C-31C5704EFEC1</sourceEntity>
<targetCardinalityString>*</targetCardinalityString>
<targetEntity>551CA76B-0059-9B72-D44B-5CD3326EDB3E</targetEntity>
<transferable>true</transferable>
<deleteRule>NO ACTION</deleteRule>
</Relation>