<?xml version = '1.0' encoding = 'UTF-8'?>
<Relation class="oracle.dbtools.crest.model.design.logical.Relation" name="Relation_12" directorySegmentName="seg_0" id="B5CC4B25-8A2F-C290-7342-70897516114B">
<createdBy>CARLOS</createdBy>
<createdTime>2020-03-24 16:00:51 UTC</createdTime>
<ownerDesignName>E_R</ownerDesignName>
<engineerTo>
<item key="8A35B2A9-2F1C-C763-372B-71B6F1B0EB5F" value="true"/>
</engineerTo>
<sourcePk>20367CE2-D1F4-72BF-EA27-245E7F20F65F</sourcePk>
<identifying>false</identifying>
<nameOnSource>Emisor</nameOnSource>
<optionalSource>true</optionalSource>
<optionalTarget>false</optionalTarget>
<sourceCardinality>1</sourceCardinality>
<sourceEntity>B2A5F012-07BC-9FA0-BB65-70F614CF72CF</sourceEntity>
<targetCardinalityString>*</targetCardinalityString>
<targetEntity>A505C841-C186-43BC-A905-B8FE7B530C7B</targetEntity>
<transferable>true</transferable>
<deleteRule>NO ACTION</deleteRule>
</Relation>