<?xml version = '1.0' encoding = 'UTF-8'?>
<Relation class="oracle.dbtools.crest.model.design.logical.Relation" name="Relation_16" directorySegmentName="seg_0" id="C4D46340-4AB0-765A-F0A9-9D8BEE2CE630">
<createdBy>CARLOS</createdBy>
<createdTime>2020-03-24 16:09:28 UTC</createdTime>
<ownerDesignName>E_R</ownerDesignName>
<engineerTo>
<item key="8A35B2A9-2F1C-C763-372B-71B6F1B0EB5F" value="true"/>
</engineerTo>
<sourcePk>9F1F5099-B277-7DF2-8A9C-7242993521EE</sourcePk>
<identifying>false</identifying>
<nameOnSource>Está_Relacionada_Con</nameOnSource>
<optionalSource>true</optionalSource>
<optionalTarget>false</optionalTarget>
<sourceCardinality>1</sourceCardinality>
<sourceEntity>551CA76B-0059-9B72-D44B-5CD3326EDB3E</sourceEntity>
<targetCardinalityString>*</targetCardinalityString>
<targetEntity>CA4A31B4-A0A6-74B4-F860-D4C06BE61C26</targetEntity>
<transferable>true</transferable>
<deleteRule>NO ACTION</deleteRule>
</Relation>