<?xml version = '1.0' encoding = 'UTF-8'?>
<Relation class="oracle.dbtools.crest.model.design.logical.Relation" name="Relation_20" directorySegmentName="seg_0" id="EA7201EB-6E8B-B0DC-BCFA-44CF12DA5E39">
<createdBy>CARLOS</createdBy>
<createdTime>2020-03-24 16:18:03 UTC</createdTime>
<ownerDesignName>E_R</ownerDesignName>
<engineerTo>
<item key="8A35B2A9-2F1C-C763-372B-71B6F1B0EB5F" value="true"/>
</engineerTo>
<sourcePk>D1220CEB-BE18-9ED0-E7B7-AA51138AFA05</sourcePk>
<identifying>false</identifying>
<nameOnSource>Receptor</nameOnSource>
<optionalSource>true</optionalSource>
<optionalTarget>false</optionalTarget>
<sourceCardinality>1</sourceCardinality>
<sourceEntity>A505C841-C186-43BC-A905-B8FE7B530C7B</sourceEntity>
<targetCardinalityString>*</targetCardinalityString>
<targetEntity>B2A5F012-07BC-9FA0-BB65-70F614CF72CF</targetEntity>
<transferable>true</transferable>
<deleteRule>NO ACTION</deleteRule>
</Relation>