<?xml version = '1.0' encoding = 'UTF-8'?>
<Relation class="oracle.dbtools.crest.model.design.logical.Relation" name="Relation_26" directorySegmentName="seg_0" id="ED6CF6B9-AA2E-211E-A615-D1849F7EBE93">
<createdBy>CARLOS</createdBy>
<createdTime>2020-03-25 16:18:27 UTC</createdTime>
<ownerDesignName>E_R</ownerDesignName>
<engineerTo>
<item key="8A35B2A9-2F1C-C763-372B-71B6F1B0EB5F" value="true"/>
</engineerTo>
<sourcePk>2116364A-E13A-1D0C-87BE-EC1948AE5A6A</sourcePk>
<identifying>true</identifying>
<nameOnSource>Valora</nameOnSource>
<optionalSource>true</optionalSource>
<optionalTarget>false</optionalTarget>
<sourceCardinality>1</sourceCardinality>
<sourceEntity>C5E136C5-881C-4D6B-A12C-31C5704EFEC1</sourceEntity>
<targetCardinalityString>*</targetCardinalityString>
<targetEntity>04559025-5F6C-706A-8016-935BEE7C51C0</targetEntity>
<transferable>true</transferable>
<deleteRule>NO ACTION</deleteRule>
</Relation>