<?xml version = '1.0' encoding = 'UTF-8'?>
<Relation class="oracle.dbtools.crest.model.design.logical.Relation" name="Relation_24" directorySegmentName="seg_0" id="F5909477-F6F1-E9B8-0427-B93B76972C14">
<createdBy>CARLOS</createdBy>
<createdTime>2020-03-24 19:12:20 UTC</createdTime>
<ownerDesignName>E_R</ownerDesignName>
<engineerTo>
<item key="8A35B2A9-2F1C-C763-372B-71B6F1B0EB5F" value="true"/>
</engineerTo>
<sourcePk>20367CE2-D1F4-72BF-EA27-245E7F20F65F</sourcePk>
<identifying>true</identifying>
<nameOnSource>Participa</nameOnSource>
<optionalSource>true</optionalSource>
<optionalTarget>false</optionalTarget>
<sourceCardinality>1</sourceCardinality>
<sourceEntity>B2A5F012-07BC-9FA0-BB65-70F614CF72CF</sourceEntity>
<targetCardinalityString>*</targetCardinalityString>
<targetEntity>000DC829-457F-659E-A095-1B526A3A1AB0</targetEntity>
<transferable>true</transferable>
<deleteRule>NO ACTION</deleteRule>
</Relation>