<?xml version = '1.0' encoding = 'UTF-8'?>
<Diagram class="oracle.dbtools.crest.swingui.logical.DPVLogical" name="Logical" id="507EE6F2-DC59-978D-0B6F-41E5D198EDDD">
<createdBy>CARLOS</createdBy>
<modifiedBy>CARLOS</modifiedBy>
<createdTime>2020-03-24 15:10:57 UTC</createdTime>
<autoRoute>false</autoRoute>
<boxInbox>true</boxInbox>
<showLegend>false</showLegend>
<showLabels>true</showLabels>
<showRelAttributes>false</showRelAttributes>
<gridEnabled>false</gridEnabled>
<showGrid>false</showGrid>
<diagramColor>-1</diagramColor>
<display>false</display>
<notation>1</notation>
<objectViews>
<OView class="oracle.dbtools.crest.swingui.logical.TVEntity" oid="000DC829-457F-659E-A095-1B526A3A1AB0" otype="Entity" vid="5CB90ABD-F2DB-AE23-F5BE-D825C29FF627">
<hideElementsInCurrentOnly>false</hideElementsInCurrentOnly>
<bounds x="863" y="537" width="170" height="113"/>
</OView>
<OView class="oracle.dbtools.crest.swingui.logical.TVEntity" oid="04559025-5F6C-706A-8016-935BEE7C51C0" otype="Entity" vid="DF6D4DB2-D0F8-8945-EC9B-247886DD3457">
<hideElementsInCurrentOnly>false</hideElementsInCurrentOnly>
<bounds x="1587" y="995" width="170" height="118"/>
</OView>
<OView class="oracle.dbtools.crest.swingui.logical.TVEntity" oid="551CA76B-0059-9B72-D44B-5CD3326EDB3E" otype="Entity" vid="10225A51-E555-1BE1-03F9-C62FCC33B621">
<hideElementsInCurrentOnly>false</hideElementsInCurrentOnly>
<bounds x="558" y="758" width="184" height="250"/>
</OView>
<OView class="oracle.dbtools.crest.swingui.logical.TVEntity" oid="578D85AF-A58B-4653-28A1-621340E59D57" otype="Entity" vid="DDC2BAFD-9055-B75C-0166-9C0D8DD0600C">
<hideElementsInCurrentOnly>false</hideElementsInCurrentOnly>
<bounds x="587" y="199" width="170" height="110"/>
</OView>
<OView class="oracle.dbtools.crest.swingui.logical.TVEntity" oid="636110F0-B909-0C53-CDC8-6C2D1F1941A0" otype="Entity" vid="F897417E-C1BD-5889-68C9-30D9D303FC76">
<hideElementsInCurrentOnly>false</hideElementsInCurrentOnly>
<bounds x="169" y="198" width="170" height="112"/>
</OView>
<OView class="oracle.dbtools.crest.swingui.logical.TVEntity" oid="6C02BBE2-D0B3-73B3-0220-E7F29DDCD517" otype="Entity" vid="83B9CC62-7391-4E8A-FD84-A8E52FF683EB">
<hideElementsInCurrentOnly>false</hideElementsInCurrentOnly>
<bounds x="1349" y="171" width="203" height="123"/>
</OView>
<OView class="oracle.dbtools.crest.swingui.logical.TVEntity" oid="73C223CE-3629-5C54-84E4-064C638E133F" otype="Entity" vid="1932ECDF-A3FE-D7F3-6F54-0C0F0FA44EA2">
<hideElementsInCurrentOnly>false</hideElementsInCurrentOnly>
<bounds x="555" y="489" width="175" height="164"/>
</OView>
<OView class="oracle.dbtools.crest.swingui.logical.TVEntity" oid="8F836B8F-FEED-595A-77D4-104FCBAD8AB1" otype="Entity" vid="FDF9292C-D21A-D510-27D9-64DCC8DA46EC">
<hideElementsInCurrentOnly>false</hideElementsInCurrentOnly>
<bounds x="708" y="43" width="170" height="110"/>
</OView>
<OView class="oracle.dbtools.crest.swingui.logical.TVEntity" oid="956EBEB6-42FF-E95C-F2AB-D5A5BBDC8DF9" otype="Entity" vid="2ED2D9DB-DE2C-7030-F955-421CFBA4F225">
<hideElementsInCurrentOnly>false</hideElementsInCurrentOnly>
<bounds x="778" y="195" width="170" height="110"/>
</OView>
<OView class="oracle.dbtools.crest.swingui.logical.TVEntity" oid="A505C841-C186-43BC-A905-B8FE7B530C7B" otype="Entity" vid="9BDCF0F7-337D-EEB1-DB3D-AA6A0B9E0F87">
<hideElementsInCurrentOnly>false</hideElementsInCurrentOnly>
<bounds x="126" y="24" width="170" height="110"/>
</OView>
<OView class="oracle.dbtools.crest.swingui.logical.TVEntity" oid="B2A5F012-07BC-9FA0-BB65-70F614CF72CF" otype="Entity" vid="24B8A72B-59CD-B0F8-7FC8-EC8EF6BFB67D">
<hideElementsInCurrentOnly>false</hideElementsInCurrentOnly>
<bounds x="525" y="0" width="490" height="355"/>
</OView>
<OView class="oracle.dbtools.crest.swingui.logical.TVEntity" oid="B433BF16-1BEF-458E-47B2-D1D20ECBD742" otype="Entity" vid="0095A6EF-F377-1098-8FBD-C2EB86271D21">
<hideElementsInCurrentOnly>false</hideElementsInCurrentOnly>
<bounds x="174" y="470" width="165" height="114"/>
</OView>
<OView class="oracle.dbtools.crest.swingui.logical.TVEntity" oid="C5E136C5-881C-4D6B-A12C-31C5704EFEC1" otype="Entity" vid="2CD06277-769C-684F-8157-9498B7E2EC47">
<hideElementsInCurrentOnly>false</hideElementsInCurrentOnly>
<bounds x="261" y="920" width="170" height="111"/>
</OView>
<OView class="oracle.dbtools.crest.swingui.logical.TVEntity" oid="CA4A31B4-A0A6-74B4-F860-D4C06BE61C26" otype="Entity" vid="823B09E8-8CF0-2E61-D6E2-655694D4E009">
<hideElementsInCurrentOnly>false</hideElementsInCurrentOnly>
<bounds x="1127" y="924" width="170" height="112"/>
</OView>
</objectViews>
<connectors>
<Connector class="oracle.dbtools.crest.swingui.logical.TVRelation" oid="24174715-C4A7-4283-C634-A43C2A590389" otype="Relation" vid_source="DDC2BAFD-9055-B75C-0166-9C0D8DD0600C" vid_target="823B09E8-8CF0-2E61-D6E2-655694D4E009">
<hideElementsInCurrentOnly>false</hideElementsInCurrentOnly>
<backgroundColor>-16777216</backgroundColor>
<lineWidth>1</lineWidth>
<sourceLabel class="oracle.dbtools.crest.model.design.Label">
<site>0</site>
<labelBounds x="482" y="230" width="99" height="30"/>
<noBackgroundColor>true</noBackgroundColor>
<noForegroundColor>true</noForegroundColor>
</sourceLabel>
<points>
<point x="587" y="260"/>
<point x="463" y="260"/>
<point x="464" y="1032"/>
<point x="1127" y="1032"/>
</points>
</Connector>
<Connector class="oracle.dbtools.crest.swingui.logical.TVRelation" oid="28DAAEC1-8B00-B7F2-E022-32648E14D91D" otype="Relation" vid_source="0095A6EF-F377-1098-8FBD-C2EB86271D21" vid_target="F897417E-C1BD-5889-68C9-30D9D303FC76">
<hideElementsInCurrentOnly>false</hideElementsInCurrentOnly>
<backgroundColor>-16777216</backgroundColor>
<lineWidth>1</lineWidth>
<sourceLabel class="oracle.dbtools.crest.model.design.Label">
<site>0</site>
<labelBounds x="256" y="434" width="37" height="30"/>
<noBackgroundColor>true</noBackgroundColor>
<noForegroundColor>true</noForegroundColor>
</sourceLabel>
<points>
<point x="256" y="470"/>
<point x="256" y="310"/>
</points>
</Connector>
<Connector class="oracle.dbtools.crest.swingui.logical.TVRelation" oid="2A802206-B889-0474-0AAD-D571FDF3961A" otype="Relation" vid_source="2ED2D9DB-DE2C-7030-F955-421CFBA4F225" vid_target="823B09E8-8CF0-2E61-D6E2-655694D4E009">
<hideElementsInCurrentOnly>false</hideElementsInCurrentOnly>
<backgroundColor>-16777216</backgroundColor>
<lineWidth>1</lineWidth>
<sourceLabel class="oracle.dbtools.crest.model.design.Label">
<site>0</site>
<labelBounds x="958" y="270" width="51" height="30"/>
<noBackgroundColor>true</noBackgroundColor>
<noForegroundColor>true</noForegroundColor>
</sourceLabel>
<points>
<point x="948" y="300"/>
<point x="1229" y="300"/>
<point x="1229" y="924"/>
</points>
</Connector>
<Connector class="oracle.dbtools.crest.swingui.logical.TVRelation" oid="35145545-9DB0-B2B0-A025-DD2F22E7452B" otype="Relation" vid_source="1932ECDF-A3FE-D7F3-6F54-0C0F0FA44EA2" vid_target="10225A51-E555-1BE1-03F9-C62FCC33B621">
<hideElementsInCurrentOnly>false</hideElementsInCurrentOnly>
<backgroundColor>-16777216</backgroundColor>
<lineWidth>1</lineWidth>
<sourceLabel class="oracle.dbtools.crest.model.design.Label">
<site>0</site>
<labelBounds x="644" y="689" width="110" height="30"/>
<noBackgroundColor>true</noBackgroundColor>
<noForegroundColor>true</noForegroundColor>
</sourceLabel>
<points>
<point x="644" y="653"/>
<point x="644" y="758"/>
</points>
</Connector>
<Connector class="oracle.dbtools.crest.swingui.logical.TVRelation" oid="3E8202EE-A722-D4BA-64D4-A9CE0F03AC16" otype="Relation" vid_source="24B8A72B-59CD-B0F8-7FC8-EC8EF6BFB67D" vid_target="1932ECDF-A3FE-D7F3-6F54-0C0F0FA44EA2">
<hideElementsInCurrentOnly>false</hideElementsInCurrentOnly>
<backgroundColor>-16777216</backgroundColor>
<lineWidth>1</lineWidth>
<sourceLabel class="oracle.dbtools.crest.model.design.Label">
<site>0</site>
<labelBounds x="642" y="391" width="43" height="30"/>
<noBackgroundColor>true</noBackgroundColor>
<noForegroundColor>true</noForegroundColor>
</sourceLabel>
<points>
<point x="642" y="355"/>
<point x="642" y="489"/>
</points>
</Connector>
<Connector class="oracle.dbtools.crest.swingui.logical.TVRelation" oid="6F413C0F-242E-CF90-D9C3-3966A52F08C2" otype="Relation" vid_source="10225A51-E555-1BE1-03F9-C62FCC33B621" vid_target="83B9CC62-7391-4E8A-FD84-A8E52FF683EB">
<hideElementsInCurrentOnly>false</hideElementsInCurrentOnly>
<backgroundColor>-16777216</backgroundColor>
<lineWidth>1</lineWidth>
<sourceLabel class="oracle.dbtools.crest.model.design.Label">
<site>0</site>
<labelBounds x="752" y="857" width="30" height="49"/>
<noBackgroundColor>true</noBackgroundColor>
<noForegroundColor>true</noForegroundColor>
</sourceLabel>
<points>
<point x="742" y="906"/>
<point x="1437" y="906"/>
<point x="1437" y="294"/>
</points>
</Connector>
<Connector class="oracle.dbtools.crest.swingui.logical.TVInheritanceRelation" oid="7A3F0ABF-8651-F8C6-72F3-CAA3991A30EC" otype="Hierarchy relation" vid_source="24B8A72B-59CD-B0F8-7FC8-EC8EF6BFB67D" vid_target="DDC2BAFD-9055-B75C-0166-9C0D8DD0600C">
<hideElementsInCurrentOnly>false</hideElementsInCurrentOnly>
<backgroundColor>-65536</backgroundColor>
<lineWidth>1</lineWidth>
</Connector>
<Connector class="oracle.dbtools.crest.swingui.logical.TVInheritanceRelation" oid="845DA189-5BEF-97A8-CF58-EF99AC649D93" otype="Hierarchy relation" vid_source="24B8A72B-59CD-B0F8-7FC8-EC8EF6BFB67D" vid_target="FDF9292C-D21A-D510-27D9-64DCC8DA46EC">
<hideElementsInCurrentOnly>false</hideElementsInCurrentOnly>
<backgroundColor>-65536</backgroundColor>
<lineWidth>1</lineWidth>
</Connector>
<Connector class="oracle.dbtools.crest.swingui.logical.TVRelation" oid="91181842-1758-221A-3897-0E189D1882A6" otype="Relation" vid_source="10225A51-E555-1BE1-03F9-C62FCC33B621" vid_target="5CB90ABD-F2DB-AE23-F5BE-D825C29FF627">
<hideElementsInCurrentOnly>false</hideElementsInCurrentOnly>
<backgroundColor>-16777216</backgroundColor>
<lineWidth>1</lineWidth>
<sourceLabel class="oracle.dbtools.crest.model.design.Label">
<site>0</site>
<labelBounds x="752" y="796" width="28" height="30"/>
<noBackgroundColor>true</noBackgroundColor>
<noForegroundColor>true</noForegroundColor>
</sourceLabel>
<points>
<point x="742" y="826"/>
<point x="936" y="826"/>
<point x="936" y="650"/>
</points>
</Connector>
<Connector class="oracle.dbtools.crest.swingui.logical.TVRelation" oid="92383A6D-5AD8-740D-85CE-9A192276FA3C" otype="Relation" vid_source="24B8A72B-59CD-B0F8-7FC8-EC8EF6BFB67D" vid_target="DF6D4DB2-D0F8-8945-EC9B-247886DD3457">
<hideElementsInCurrentOnly>false</hideElementsInCurrentOnly>
<backgroundColor>-16777216</backgroundColor>
<lineWidth>1</lineWidth>
<sourceLabel class="oracle.dbtools.crest.model.design.Label">
<site>0</site>
<labelBounds x="1025" y="55" width="22" height="30"/>
<noBackgroundColor>true</noBackgroundColor>
<noForegroundColor>true</noForegroundColor>
</sourceLabel>
<points>
<point x="1015" y="85"/>
<point x="1697" y="85"/>
<point x="1697" y="995"/>
</points>
</Connector>
<Connector class="oracle.dbtools.crest.swingui.logical.TVRelation" oid="A05F7562-EB55-F255-B2D9-997F7D57ABD4" otype="Relation" vid_source="0095A6EF-F377-1098-8FBD-C2EB86271D21" vid_target="10225A51-E555-1BE1-03F9-C62FCC33B621">
<hideElementsInCurrentOnly>false</hideElementsInCurrentOnly>
<backgroundColor>-16777216</backgroundColor>
<lineWidth>1</lineWidth>
<sourceLabel class="oracle.dbtools.crest.model.design.Label">
<site>0</site>
<labelBounds x="255" y="628" width="46" height="30"/>
<noBackgroundColor>true</noBackgroundColor>
<noForegroundColor>true</noForegroundColor>
</sourceLabel>
<points>
<point x="255" y="584"/>
<point x="255" y="772"/>
<point x="558" y="772"/>
</points>
</Connector>
<Connector class="oracle.dbtools.crest.swingui.logical.TVRelation" oid="A08CF090-CC8F-6E86-B9AA-02A878BCDA3F" otype="Relation" vid_source="24B8A72B-59CD-B0F8-7FC8-EC8EF6BFB67D" vid_target="83B9CC62-7391-4E8A-FD84-A8E52FF683EB">
<hideElementsInCurrentOnly>false</hideElementsInCurrentOnly>
<backgroundColor>-16777216</backgroundColor>
<lineWidth>1</lineWidth>
<sourceLabel class="oracle.dbtools.crest.model.design.Label">
<site>0</site>
<labelBounds x="1025" y="202" width="46" height="30"/>
<noBackgroundColor>true</noBackgroundColor>
<noForegroundColor>true</noForegroundColor>
</sourceLabel>
<points>
<point x="1015" y="232"/>
<point x="1349" y="232"/>
</points>
</Connector>
<Connector class="oracle.dbtools.crest.swingui.logical.TVRelation" oid="AF0F0407-082E-F33B-6E2E-3B5CACA9906B" otype="Relation" vid_source="2CD06277-769C-684F-8157-9498B7E2EC47" vid_target="10225A51-E555-1BE1-03F9-C62FCC33B621">
<hideElementsInCurrentOnly>false</hideElementsInCurrentOnly>
<backgroundColor>-16777216</backgroundColor>
<lineWidth>1</lineWidth>
<sourceLabel class="oracle.dbtools.crest.model.design.Label">
<site>0</site>
<labelBounds x="441" y="934" width="37" height="30"/>
<noBackgroundColor>true</noBackgroundColor>
<noForegroundColor>true</noForegroundColor>
</sourceLabel>
<points>
<point x="431" y="964"/>
<point x="558" y="964"/>
</points>
</Connector>
<Connector class="oracle.dbtools.crest.swingui.logical.TVRelation" oid="B5CC4B25-8A2F-C290-7342-70897516114B" otype="Relation" vid_source="24B8A72B-59CD-B0F8-7FC8-EC8EF6BFB67D" vid_target="9BDCF0F7-337D-EEB1-DB3D-AA6A0B9E0F87">
<hideElementsInCurrentOnly>false</hideElementsInCurrentOnly>
<backgroundColor>-16777216</backgroundColor>
<lineWidth>1</lineWidth>
<sourceLabel class="oracle.dbtools.crest.model.design.Label">
<site>0</site>
<labelBounds x="472" y="49" width="47" height="30"/>
<noBackgroundColor>true</noBackgroundColor>
<noForegroundColor>true</noForegroundColor>
</sourceLabel>
<points>
<point x="525" y="79"/>
<point x="296" y="79"/>
</points>
</Connector>
<Connector class="oracle.dbtools.crest.swingui.logical.TVInheritanceRelation" oid="BEFE08E4-D9D0-3E58-2082-B117FDF250FB" otype="Hierarchy relation" vid_source="24B8A72B-59CD-B0F8-7FC8-EC8EF6BFB67D" vid_target="2ED2D9DB-DE2C-7030-F955-421CFBA4F225">
<hideElementsInCurrentOnly>false</hideElementsInCurrentOnly>
<backgroundColor>-65536</backgroundColor>
<lineWidth>1</lineWidth>
</Connector>
<Connector class="oracle.dbtools.crest.swingui.logical.TVRelation" oid="C4D46340-4AB0-765A-F0A9-9D8BEE2CE630" otype="Relation" vid_source="10225A51-E555-1BE1-03F9-C62FCC33B621" vid_target="823B09E8-8CF0-2E61-D6E2-655694D4E009">
<hideElementsInCurrentOnly>false</hideElementsInCurrentOnly>
<backgroundColor>-16777216</backgroundColor>
<lineWidth>1</lineWidth>
<sourceLabel class="oracle.dbtools.crest.model.design.Label">
<site>0</site>
<labelBounds x="752" y="936" width="44" height="30"/>
<noBackgroundColor>true</noBackgroundColor>
<noForegroundColor>true</noForegroundColor>
</sourceLabel>
<points>
<point x="742" y="966"/>
<point x="1127" y="966"/>
</points>
</Connector>
<Connector class="oracle.dbtools.crest.swingui.logical.TVRelation" oid="EA7201EB-6E8B-B0DC-BCFA-44CF12DA5E39" otype="Relation" vid_source="9BDCF0F7-337D-EEB1-DB3D-AA6A0B9E0F87" vid_target="24B8A72B-59CD-B0F8-7FC8-EC8EF6BFB67D">
<hideElementsInCurrentOnly>false</hideElementsInCurrentOnly>
<backgroundColor>-16777216</backgroundColor>
<lineWidth>1</lineWidth>
<sourceLabel class="oracle.dbtools.crest.model.design.Label">
<site>0</site>
<labelBounds x="306" y="78" width="58" height="16"/>
<noBackgroundColor>true</noBackgroundColor>
<noForegroundColor>true</noForegroundColor>
</sourceLabel>
<points>
<point x="296" y="94"/>
<point x="525" y="94"/>
</points>
</Connector>
<Connector class="oracle.dbtools.crest.swingui.logical.TVRelation" oid="ED6CF6B9-AA2E-211E-A615-D1849F7EBE93" otype="Relation" vid_source="2CD06277-769C-684F-8157-9498B7E2EC47" vid_target="DF6D4DB2-D0F8-8945-EC9B-247886DD3457">
<hideElementsInCurrentOnly>false</hideElementsInCurrentOnly>
<backgroundColor>-16777216</backgroundColor>
<lineWidth>1</lineWidth>
<sourceLabel class="oracle.dbtools.crest.model.design.Label">
<site>0</site>
<labelBounds x="320" y="1075" width="46" height="30"/>
<noBackgroundColor>true</noBackgroundColor>
<noForegroundColor>true</noForegroundColor>
</sourceLabel>
<points>
<point x="320" y="1031"/>
<point x="320" y="1100"/>
<point x="1086" y="1101"/>
<point x="1587" y="1101"/>
</points>
</Connector>
<Connector class="oracle.dbtools.crest.swingui.logical.TVRelation" oid="F5909477-F6F1-E9B8-0427-B93B76972C14" otype="Relation" vid_source="24B8A72B-59CD-B0F8-7FC8-EC8EF6BFB67D" vid_target="5CB90ABD-F2DB-AE23-F5BE-D825C29FF627">
<hideElementsInCurrentOnly>false</hideElementsInCurrentOnly>
<backgroundColor>-16777216</backgroundColor>
<lineWidth>1</lineWidth>
<sourceLabel class="oracle.dbtools.crest.model.design.Label">
<site>0</site>
<labelBounds x="924" y="423" width="58" height="30"/>
<noBackgroundColor>true</noBackgroundColor>
<noForegroundColor>true</noForegroundColor>
</sourceLabel>
<points>
<point x="924" y="355"/>
<point x="924" y="537"/>
</points>
</Connector>
</connectors>
</Diagram>